filename,folder,type,width,height,bytes
"62-Nov 12 2025 11_24am-vXkA.jpg","Cardinal/Steel Piers Multifamily",jpg,1440,1920,1005695
"1203 Harwell Dr Arlington.MOV","Cardinal/2025/1203 Harwell Dr",mov,1080,1920,18699566
"6-Jun 02 2025 03_11pm-BBco.jpg","Cardinal/2025/Jack in the Box _ Haltom City",jpg,1440,1920,937912
"5-Jun 02 2025 03_11pm-Vmd6.jpg","Cardinal/2025/Jack in the Box _ Haltom City",jpg,1440,1920,924772
"20-Jun 03 2025 09_05am-mu3w.jpg","Cardinal/2025/Jack in the Box _ Haltom City",jpg,1440,1920,754539
"34-Jun 03 2025 09_06am-SYUf.jpg","Cardinal/2025/Jack in the Box _ Haltom City",jpg,1920,1440,891608
"46-Jun 23 2025 04_47pm-j5Xp.jpg","Cardinal/2025/Jack in the Box _ Haltom City",jpg,1440,1920,797858
"44-Jun 10 2025 11_42am-KQ1i.jpg","Cardinal/2025/Jack in the Box _ Haltom City",jpg,1440,1920,539205
"11-Jun 02 2025 03_12pm-n2BF.jpg","Cardinal/2025/Jack in the Box _ Haltom City",jpg,1440,1920,724668
"43-Jun 10 2025 11_42am-mH1b.jpg","Cardinal/2025/Jack in the Box _ Haltom City",jpg,1440,1920,777530
"2-Jun 02 2025 03_11pm-y7Cd.jpg","Cardinal/2025/Jack in the Box _ Haltom City",jpg,1440,1920,657660
"19-Jun 03 2025 09_05am-fiF5.jpg","Cardinal/2025/Jack in the Box _ Haltom City",jpg,1920,1440,547220
"4-Jun 02 2025 03_11pm-6KA2.jpg","Cardinal/2025/Jack in the Box _ Haltom City",jpg,1440,1920,916432
"29-Jun 03 2025 09_06am-x7ST.jpg","Cardinal/2025/Jack in the Box _ Haltom City",jpg,1440,1920,871632
"42-Jun 10 2025 11_42am-hhim.jpg","Cardinal/2025/Jack in the Box _ Haltom City",jpg,1440,1920,626495
"37-Jun 10 2025 11_41am-mxiG.jpg","Cardinal/2025/Jack in the Box _ Haltom City",jpg,1440,1920,799945
"30-Jun 03 2025 09_06am-epUT.jpg","Cardinal/2025/Jack in the Box _ Haltom City",jpg,1440,1920,840036
"19-Jun 03 2025 09_05am-D1t7.jpg","Cardinal/2025/Jack in the Box _ Haltom City",jpg,1920,1440,547220
"22-Jun 03 2025 09_05am-3Xv2.jpg","Cardinal/2025/Jack in the Box _ Haltom City",jpg,1920,1440,658890
"20-Jun 03 2025 09_05am-DwqJ.jpg","Cardinal/2025/Jack in the Box _ Haltom City",jpg,1440,1920,754539
"14-Jun 03 2025 09_04am-naDJ.jpg","Cardinal/2025/Jack in the Box _ Haltom City",jpg,1440,1920,951702
"27-Jun 03 2025 09_06am-rrKV.jpg","Cardinal/2025/Jack in the Box _ Haltom City",jpg,1920,1440,752487
"25-Jun 03 2025 09_05am-k8ci.jpg","Cardinal/2025/Jack in the Box _ Haltom City",jpg,1440,1920,762894
"38-Jun 10 2025 11_41am-YgfB.jpg","Cardinal/2025/Jack in the Box _ Haltom City",jpg,1920,1440,867222
"12-Jun 02 2025 03_12pm-A4DL.jpg","Cardinal/2025/Jack in the Box _ Haltom City",jpg,1440,1920,815521
"27-Jun 03 2025 09_06am-tm7t.jpg","Cardinal/2025/Jack in the Box _ Haltom City",jpg,1920,1440,752487
"30-Jun 03 2025 09_06am-LLLn.jpg","Cardinal/2025/Jack in the Box _ Haltom City",jpg,1440,1920,840036
"9-Jun 02 2025 03_11pm-D1bJ.jpg","Cardinal/2025/Jack in the Box _ Haltom City",jpg,1440,1920,708998
"18-Jun 03 2025 09_04am-SwPW.jpg","Cardinal/2025/Jack in the Box _ Haltom City",jpg,1440,1920,1075750
"3-Jun 02 2025 03_11pm-oqKg.jpg","Cardinal/2025/Jack in the Box _ Haltom City",jpg,1440,1920,778914
"45-Jun 23 2025 04_47pm-WeWZ.jpg","Cardinal/2025/Jack in the Box _ Haltom City",jpg,1440,1920,690734
"4-Jun 02 2025 03_11pm-g8aF.jpg","Cardinal/2025/Jack in the Box _ Haltom City",jpg,1440,1920,916432
"32-Jun 03 2025 09_06am-KeSF.jpg","Cardinal/2025/Jack in the Box _ Haltom City",jpg,1920,1440,880062
"21-Jun 03 2025 09_05am-rYcY.jpg","Cardinal/2025/Jack in the Box _ Haltom City",jpg,1440,1920,698140
"16-Jun 03 2025 09_04am-Xj3h.jpg","Cardinal/2025/Jack in the Box _ Haltom City",jpg,1920,1440,931411
"8-Jun 02 2025 03_11pm-4cfR.jpg","Cardinal/2025/Jack in the Box _ Haltom City",jpg,1440,1920,673858
"39-Jun 10 2025 11_41am-CM7P.jpg","Cardinal/2025/Jack in the Box _ Haltom City",jpg,1920,1440,899164
"2-Jun 02 2025 03_11pm-gVKH.jpg","Cardinal/2025/Jack in the Box _ Haltom City",jpg,1440,1920,657660
"15-Jun 03 2025 09_04am-Tudi.jpg","Cardinal/2025/Jack in the Box _ Haltom City",jpg,1920,1440,803251
"15-Jun 03 2025 09_04am-ameF.jpg","Cardinal/2025/Jack in the Box _ Haltom City",jpg,1920,1440,803251
"33-Jun 03 2025 09_06am-8c6r.jpg","Cardinal/2025/Jack in the Box _ Haltom City",jpg,1920,1440,1004239
"40-Jun 10 2025 11_41am-rQCJ.jpg","Cardinal/2025/Jack in the Box _ Haltom City",jpg,1920,1440,795606
"48-Jun 23 2025 04_48pm-SMaX.jpg","Cardinal/2025/Jack in the Box _ Haltom City",jpg,1440,1920,487190
"14-Jun 03 2025 09_04am-FRJ9.jpg","Cardinal/2025/Jack in the Box _ Haltom City",jpg,1440,1920,951702
"16-Jun 03 2025 09_04am-2zWD.jpg","Cardinal/2025/Jack in the Box _ Haltom City",jpg,1920,1440,931411
"35-Jun 10 2025 11_41am-doxF.jpg","Cardinal/2025/Jack in the Box _ Haltom City",jpg,1440,1920,791908
"25-Jun 03 2025 09_05am-ugMv.jpg","Cardinal/2025/Jack in the Box _ Haltom City",jpg,1440,1920,762894
"31-Jun 03 2025 09_06am-RSEL.jpg","Cardinal/2025/Jack in the Box _ Haltom City",jpg,1920,1440,812964
"47-Jun 23 2025 04_47pm-zyLg.jpg","Cardinal/2025/Jack in the Box _ Haltom City",jpg,1440,1920,786683
"21-Jun 03 2025 09_05am-Sxzw.jpg","Cardinal/2025/Jack in the Box _ Haltom City",jpg,1440,1920,698140
"7-Jun 02 2025 03_11pm-W6Ht.jpg","Cardinal/2025/Jack in the Box _ Haltom City",jpg,1440,1920,903896
"33-Jun 03 2025 09_06am-WYDJ.jpg","Cardinal/2025/Jack in the Box _ Haltom City",jpg,1920,1440,1004239
"17-Jun 03 2025 09_04am-S32d.jpg","Cardinal/2025/Jack in the Box _ Haltom City",jpg,1920,1440,1064630
"32-Jun 03 2025 09_06am-Zsne.jpg","Cardinal/2025/Jack in the Box _ Haltom City",jpg,1920,1440,880062
"7-Jun 02 2025 03_11pm-tGtT.jpg","Cardinal/2025/Jack in the Box _ Haltom City",jpg,1440,1920,903896
"6-Jun 02 2025 03_11pm-cw93.jpg","Cardinal/2025/Jack in the Box _ Haltom City",jpg,1440,1920,937912
"22-Jun 03 2025 09_05am-WGDz.jpg","Cardinal/2025/Jack in the Box _ Haltom City",jpg,1920,1440,658890
"50-Jun 23 2025 04_48pm-LKww.jpg","Cardinal/2025/Jack in the Box _ Haltom City",jpg,1440,1920,523221
"10-Jun 02 2025 03_12pm-dH3u.jpg","Cardinal/2025/Jack in the Box _ Haltom City",jpg,1440,1920,828833
"10-Jun 02 2025 03_12pm-TaSd.jpg","Cardinal/2025/Jack in the Box _ Haltom City",jpg,1440,1920,828833
"12-Jun 02 2025 03_12pm-Y6Ca.jpg","Cardinal/2025/Jack in the Box _ Haltom City",jpg,1440,1920,815521
"26-Jun 03 2025 09_06am-oZNy.jpg","Cardinal/2025/Jack in the Box _ Haltom City",jpg,1440,1920,687884
"31-Jun 03 2025 09_06am-9N9x.jpg","Cardinal/2025/Jack in the Box _ Haltom City",jpg,1920,1440,812964
"24-Jun 03 2025 09_05am-YdKp.jpg","Cardinal/2025/Jack in the Box _ Haltom City",jpg,1440,1920,696367
"23-Jun 03 2025 09_05am-JKPW.jpg","Cardinal/2025/Jack in the Box _ Haltom City",jpg,1440,1920,715842
"36-Jun 10 2025 11_41am-HrE4.jpg","Cardinal/2025/Jack in the Box _ Haltom City",jpg,1440,1920,732543
"28-Jun 03 2025 09_06am-JFV2.jpg","Cardinal/2025/Jack in the Box _ Haltom City",jpg,1920,1440,779489
"13-Jun 02 2025 03_12pm-SyJM.jpg","Cardinal/2025/Jack in the Box _ Haltom City",jpg,1440,1920,488695
"1-Jun 02 2025 03_11pm-tkZw.jpg","Cardinal/2025/Jack in the Box _ Haltom City",jpg,1440,1920,635726
"18-Jun 03 2025 09_04am-xnbg.jpg","Cardinal/2025/Jack in the Box _ Haltom City",jpg,1440,1920,1075750
"3-Jun 02 2025 03_11pm-nQ3K.jpg","Cardinal/2025/Jack in the Box _ Haltom City",jpg,1440,1920,778914
"41-Jun 10 2025 11_41am-tRfE.jpg","Cardinal/2025/Jack in the Box _ Haltom City",jpg,1440,1920,886525
"51-Jun 23 2025 04_48pm-4N12.jpg","Cardinal/2025/Jack in the Box _ Haltom City",jpg,1440,1920,565511
"9-Jun 02 2025 03_11pm-Lzez.jpg","Cardinal/2025/Jack in the Box _ Haltom City",jpg,1440,1920,708998
"29-Jun 03 2025 09_06am-VoxY.jpg","Cardinal/2025/Jack in the Box _ Haltom City",jpg,1440,1920,871632
"13-Jun 02 2025 03_12pm-YwVn.jpg","Cardinal/2025/Jack in the Box _ Haltom City",jpg,1440,1920,488695
"1-Jun 02 2025 03_11pm-qoCo.jpg","Cardinal/2025/Jack in the Box _ Haltom City",jpg,1440,1920,635726
"8-Jun 02 2025 03_11pm-zWu5.jpg","Cardinal/2025/Jack in the Box _ Haltom City",jpg,1440,1920,673858
"5-Jun 02 2025 03_11pm-5arW.jpg","Cardinal/2025/Jack in the Box _ Haltom City",jpg,1440,1920,924772
"17-Jun 03 2025 09_04am-Wu3c.jpg","Cardinal/2025/Jack in the Box _ Haltom City",jpg,1920,1440,1064630
"26-Jun 03 2025 09_06am-NjDY.jpg","Cardinal/2025/Jack in the Box _ Haltom City",jpg,1440,1920,687884
"24-Jun 03 2025 09_05am-8Thh.jpg","Cardinal/2025/Jack in the Box _ Haltom City",jpg,1440,1920,696367
"49-Jun 23 2025 04_48pm-oFhH.jpg","Cardinal/2025/Jack in the Box _ Haltom City",jpg,1920,1440,690317
"11-Jun 02 2025 03_12pm-VX4t.jpg","Cardinal/2025/Jack in the Box _ Haltom City",jpg,1440,1920,724668
"23-Jun 03 2025 09_05am-A8NV.jpg","Cardinal/2025/Jack in the Box _ Haltom City",jpg,1440,1920,715842
"34-Jun 03 2025 09_06am-aTug.jpg","Cardinal/2025/Jack in the Box _ Haltom City",jpg,1920,1440,891608
"28-Jun 03 2025 09_06am-abmQ.jpg","Cardinal/2025/Jack in the Box _ Haltom City",jpg,1920,1440,779489
"9083e18d-3fde-4b0b-af96-4b398c725a03.jpg","Cardinal/2025/Social Media/April",jpg,2882,2162,1225240
"a4209115-e095-45b5-97db-1b34aa08515e.jpg","Cardinal/2025/Social Media/April",jpg,1542,2048,511562
"3296b60c-5cc6-41a1-9092-318f48a4e535.jpg","Cardinal/2025/Social Media/April",jpg,2882,2162,1260834
"7ea882f0-dba1-4f34-b5be-4168dc1c9e95.jpg","Cardinal/2025/Social Media/April",jpg,1542,2048,788466
"72836558-77db-41c4-b42b-d333359e1107.jpg","Cardinal/2025/Social Media/April",jpg,2160,2880,1178477
"6224602b-b113-4047-b456-6ee77997def7.jpg","Cardinal/2025/Social Media/April",jpg,1542,2048,724021
"69263cb8-ac66-46d3-b8d6-81074b60e3ab.jpg","Cardinal/2025/Social Media/April",jpg,1542,2048,717421
"09280003-2956-45a3-8551-98900926b6e3.jpg","Cardinal/2025/Social Media/April",jpg,2882,2162,1943266
"adbc7ed1-2d6c-460c-9f10-dec1a91b6f66.jpg","Cardinal/2025/Social Media/April",jpg,2160,2880,1634548
"a4172e4d-5caa-4d83-afb3-b00fab22221d.jpg","Cardinal/2025/Social Media/April",jpg,1542,2048,735817
"13f492c3-52de-488b-b217-c6b142ac8091.jpg","Cardinal/2025/Social Media/April",jpg,2160,2880,1458107
"53eac0ac-070e-470c-a482-6ccae70836f9.jpg","Cardinal/2025/Social Media/April",jpg,2160,2880,1376234
"ba3f5651-52d2-43ca-b412-60e6abe08df8.jpg","Cardinal/2025/Social Media/April",jpg,1542,2048,764018
"24053c41-543d-4c0c-a0ad-796b14753a2b.jpg","Cardinal/2025/Social Media/April",jpg,1542,2048,1047779
"17.jpg","Cardinal/2025/Social Media/February",jpg,1080,1080,405981
"Peaster - Pier + Beam .MOV","Cardinal/2025/Social Media/February",mov,1080,,14294069
"October.jpg","Cardinal/2025/Social Media/February",jpg,1080,1080,150943
"2005 Kelly Rd.MOV","Cardinal/2025/Social Media/February",mov,1080,,6857435
"74455397446__C37DB4E2-A8BF-4232-9E0D-C214A8FF548B.jpeg","Cardinal/2025/Social Media/February/2005 Kelly rd",jpeg,4032,3024,4285010
"74455904929__34EF8540-5F00-498C-B2D7-B7BB2573EB1E.jpeg","Cardinal/2025/Social Media/February/2005 Kelly rd",jpeg,4032,3024,4562099
"74455895101__B3B1FCAE-C202-4AE3-BEED-A2D0520C1A16.jpeg","Cardinal/2025/Social Media/February/2005 Kelly rd",jpeg,4032,3024,3770567
"74455772043__B90EC54F-BFC4-4756-86C4-9A1289639370.jpeg","Cardinal/2025/Social Media/February/2005 Kelly rd",jpeg,4032,3024,4445891
"74455894097__6268667F-886A-4756-80AB-DAB474C6272B.jpeg","Cardinal/2025/Social Media/February/2005 Kelly rd",jpeg,4032,3024,3636234
"74455869925__5BFE0704-14AF-4DB4-8548-392288AE68AB.jpeg","Cardinal/2025/Social Media/February/2005 Kelly rd",jpeg,4032,3024,4386177
"74455770569__CAB6456C-7C9E-401B-B4CF-720B212349C7.jpeg","Cardinal/2025/Social Media/February/2005 Kelly rd",jpeg,4032,3024,3392788
"74455729980__CFB3C6E6-8690-423D-BC39-B7D20F51B860.jpeg","Cardinal/2025/Social Media/February/2005 Kelly rd",jpeg,4032,3024,5529468
"74455411220__77E864CC-27C8-41AF-93BE-E678349457CA.jpeg","Cardinal/2025/Social Media/February/2005 Kelly rd",jpeg,4032,3024,4431693
"74455771431__CAD20FD0-CC7E-40C4-A0CD-3B7048B37119.jpeg","Cardinal/2025/Social Media/February/2005 Kelly rd",jpeg,4032,3024,3014926
"Poly Foam Lift.MOV","Cardinal/2025/Social Media/May",mov,1080,1920,21828238
"Have you ever seen - steel pier replacement.MOV","Cardinal/2025/Social Media/Video + Reels",mov,1080,1920,25855516
"757059259ce0426784743ffa3bc7679f.MOV","Cardinal/2025/Social Media/Video + Reels",mov,1080,1920,16166343
"04.14 Cardinal.MOV","Cardinal/2025/Social Media/Video + Reels",mov,1080,1920,18171583
"CFRS_Social_1080X1920_Sept_2025.MOV","Cardinal/2025/Social Media/Video + Reels",mov,1080,1920,13535983
"Before and After - Pier Repair.MOV","Cardinal/2025/Social Media/Video + Reels",mov,1080,1920,16475017
"600 W 6th Video.MP4","Cardinal/2025/Social Media/January",mp4,1080,,20703655
"4.png","Cardinal/2025/Social Media/Graphics",png,1080,1350,75686
"5.png","Cardinal/2025/Social Media/Graphics",png,1080,1350,71644
"6.png","Cardinal/2025/Social Media/Graphics",png,1080,1350,82450
"2.png","Cardinal/2025/Social Media/Graphics",png,1080,1350,85840
"3.png","Cardinal/2025/Social Media/Graphics",png,1080,1350,90891
"1.png","Cardinal/2025/Social Media/Graphics",png,1080,1350,80218
"8-Mar 13 2025 02_08pm-nNzB.jpg","Cardinal/2025/4818 Wellington St",jpg,2160,2880,652439
"6-Mar 13 2025 02_07pm-Baa4.jpg","Cardinal/2025/4818 Wellington St",jpg,2160,2880,1198954
"1-Mar 13 2025 02_07pm-5Hki.jpg","Cardinal/2025/4818 Wellington St",jpg,2882,2162,721770
"3-Mar 13 2025 02_07pm-A5tG.jpg","Cardinal/2025/4818 Wellington St",jpg,2160,2880,838888
"7-Mar 13 2025 02_07pm-9g2W.jpg","Cardinal/2025/4818 Wellington St",jpg,2882,2162,774519
"Poly Foam Lift _ Cardinal Foundation Services _ Greenville TX.MOV","Cardinal/2025/4818 Wellington St",mov,1080,1920,12851054
"image000002.jpeg","Cardinal/2025/1850 Dplomat",jpeg,739,1600,167356
"IMG_3771.jpeg","Cardinal/2025/1850 Dplomat",jpeg,4032,3024,3067854
"IMG_4466.jpeg","Cardinal/2025/1850 Dplomat",jpeg,4032,3024,2982062
"IMG_4569.jpeg","Cardinal/2025/1850 Dplomat",jpeg,4032,3024,3342270
"IMG_3776.jpeg","Cardinal/2025/1850 Dplomat",jpeg,4032,3024,2927627
"IMG_4572.jpeg","Cardinal/2025/1850 Dplomat",jpeg,4032,3024,3827946
"IMG_4460.jpeg","Cardinal/2025/1850 Dplomat",jpeg,4032,3024,3774840
"IMG_3782.jpeg","Cardinal/2025/1850 Dplomat",jpeg,4032,3024,3020005
"image000007.jpeg","Cardinal/2025/1850 Dplomat",jpeg,522,1130,145895
"IMG_3781.jpeg","Cardinal/2025/1850 Dplomat",jpeg,4032,3024,3059498
"IMG_4459.jpeg","Cardinal/2025/1850 Dplomat",jpeg,4032,3024,3592884
"IMG_4571.jpeg","Cardinal/2025/1850 Dplomat",jpeg,4032,3024,3356257
"IMG_4463.jpeg","Cardinal/2025/1850 Dplomat",jpeg,4032,3024,3146510
"IMG_4570.jpeg","Cardinal/2025/1850 Dplomat",jpeg,4032,3024,2421156
"image000006.jpeg","Cardinal/2025/1850 Dplomat",jpeg,739,1600,220773
"IMG_4465.jpeg","Cardinal/2025/1850 Dplomat",jpeg,4032,3024,3331485
"IMG_4464.jpeg","Cardinal/2025/1850 Dplomat",jpeg,4032,3024,2876794
"5-Jul 28 2025 11_04am-y7bo.jpg","Cardinal/2025/Commerical Steel Pier + Mudjacking",jpg,1440,1920,710845
"14-Jul 28 2025 11_06am-ADqY.jpg","Cardinal/2025/Commerical Steel Pier + Mudjacking",jpg,1440,1920,637807
"11-Jul 28 2025 11_05am-fgRF.jpg","Cardinal/2025/Commerical Steel Pier + Mudjacking",jpg,1440,1920,646633
"1-Jul 28 2025 10_59am-fijC.jpg","Cardinal/2025/Commerical Steel Pier + Mudjacking",jpg,1920,1440,896824
"19-Jul 28 2025 12_07pm-YwWL.jpg","Cardinal/2025/Commerical Steel Pier + Mudjacking",jpg,1440,1920,440919
"8-Jul 28 2025 11_04am-tPNk.jpg","Cardinal/2025/Commerical Steel Pier + Mudjacking",jpg,1440,1920,644055
"10-Jul 28 2025 11_05am-RqwT.jpg","Cardinal/2025/Commerical Steel Pier + Mudjacking",jpg,1440,1920,501423
"12-Jul 28 2025 11_05am-RdVt.jpg","Cardinal/2025/Commerical Steel Pier + Mudjacking",jpg,1440,1920,586347
"22-Jul 28 2025 12_08pm-68zt.jpg","Cardinal/2025/Commerical Steel Pier + Mudjacking",jpg,1920,1440,399212
"20-Apr 24 2025 11_46am-9Q94.jpg","Cardinal/2025/Commercial Polyurethane Injection",jpg,1920,1440,1027785
"6-Apr 24 2025 10_50am-dX8R.jpg","Cardinal/2025/Commercial Polyurethane Injection",jpg,1440,1920,564375
"10-Apr 24 2025 11_05am-gUeh.jpg","Cardinal/2025/Commercial Polyurethane Injection",jpg,1920,1440,828721
"16-Apr 24 2025 11_41am-eoEk.jpg","Cardinal/2025/Commercial Polyurethane Injection",jpg,1440,1920,716627
"25-Apr 24 2025 01_27pm-xmHi.jpg","Cardinal/2025/Commercial Polyurethane Injection",jpg,1440,1920,976727
"2-Apr 24 2025 10_50am-f9ap.jpg","Cardinal/2025/Commercial Polyurethane Injection",jpg,1440,1920,988456
"29-Apr 24 2025 01_27pm-TZfw.jpg","Cardinal/2025/Commercial Polyurethane Injection",jpg,1920,1440,1106423
"11-Apr 24 2025 11_06am-TRNE.jpg","Cardinal/2025/Commercial Polyurethane Injection",jpg,1440,1920,1089691
"13-Apr 24 2025 11_06am-u7Bd.jpg","Cardinal/2025/Commercial Polyurethane Injection",jpg,1440,1920,979803
"33-May 09 2025 09_48am-SVND.jpg","Cardinal/2025/Commercial Polyurethane Injection",jpg,1440,1920,821979
"3-Apr 24 2025 10_50am-gauw.jpg","Cardinal/2025/Commercial Polyurethane Injection",jpg,1440,1920,898311
"36-May 09 2025 10_27am-D1kr.jpg","Cardinal/2025/Commercial Polyurethane Injection",jpg,1440,1920,340437
"22-Apr 24 2025 01_21pm-EjB6.jpg","Cardinal/2025/Commercial Polyurethane Injection",jpg,1920,1440,1117991
"12-Apr 24 2025 11_06am-FJEC.jpg","Cardinal/2025/Commercial Polyurethane Injection",jpg,1440,1920,1051773
"7-Apr 24 2025 10_57am-uXbu.jpg","Cardinal/2025/Commercial Polyurethane Injection",jpg,1920,1440,584033
"14-Apr 24 2025 11_41am-yNux.jpg","Cardinal/2025/Commercial Polyurethane Injection",jpg,1440,1920,961397
"18-Apr 24 2025 11_46am-VGdZ.jpg","Cardinal/2025/Commercial Polyurethane Injection",jpg,1440,1920,762199
"19-Apr 24 2025 11_46am-3BJU.jpg","Cardinal/2025/Commercial Polyurethane Injection",jpg,1440,1920,1062682
"17-Apr 24 2025 11_41am-w1ZB.jpg","Cardinal/2025/Commercial Polyurethane Injection",jpg,1440,1920,741908
"15-Apr 24 2025 11_41am-J5uo.jpg","Cardinal/2025/Commercial Polyurethane Injection",jpg,1440,1920,762578
"5-Apr 24 2025 10_50am-i8Zk.jpg","Cardinal/2025/Commercial Polyurethane Injection",jpg,1440,1920,435049
"31-Apr 24 2025 01_28pm-uQKZ.jpg","Cardinal/2025/Commercial Polyurethane Injection",jpg,1920,1440,994772
"23-Apr 24 2025 01_27pm-ThuJ.jpg","Cardinal/2025/Commercial Polyurethane Injection",jpg,1440,1920,798790
"34-May 09 2025 09_48am-dXKY.jpg","Cardinal/2025/Commercial Polyurethane Injection",jpg,1440,1920,883924
"21-Apr 24 2025 01_21pm-ufeu.jpg","Cardinal/2025/Commercial Polyurethane Injection",jpg,1440,1920,844499
"26-Apr 24 2025 01_27pm-3miz.jpg","Cardinal/2025/Commercial Polyurethane Injection",jpg,1440,1920,916804
"35-May 09 2025 10_26am-oMeC.jpg","Cardinal/2025/Commercial Polyurethane Injection",jpg,1440,1920,399266
"24-Apr 24 2025 01_27pm-GWeq.jpg","Cardinal/2025/Commercial Polyurethane Injection",jpg,1440,1920,645175
"8-Apr 24 2025 10_57am-Zbz9.jpg","Cardinal/2025/Commercial Polyurethane Injection",jpg,1920,1440,665301
"1-Apr 24 2025 10_50am-jUs3.jpg","Cardinal/2025/Commercial Polyurethane Injection",jpg,1440,1920,862680
"27-Apr 24 2025 01_27pm-HjX6.jpg","Cardinal/2025/Commercial Polyurethane Injection",jpg,1920,1440,1082294
"32-May 09 2025 09_47am-8UTq.jpg","Cardinal/2025/Commercial Polyurethane Injection",jpg,1440,1920,804196
"9-Apr 24 2025 10_58am-wYkR.jpg","Cardinal/2025/Commercial Polyurethane Injection",jpg,1440,1920,597071
"28-Apr 24 2025 01_27pm-usen.jpg","Cardinal/2025/Commercial Polyurethane Injection",jpg,1920,1440,1093577
"4-Apr 24 2025 10_50am-8EVC.jpg","Cardinal/2025/Commercial Polyurethane Injection",jpg,1440,1920,712820
"30-Apr 24 2025 01_27pm-327F.jpg","Cardinal/2025/Commercial Polyurethane Injection",jpg,1920,1440,1214263
"1-Aug 01 2025 10_44am-Kt7k.jpg","Cardinal/2025/4909 Haverwood - Multifamily Hybrid Piers",jpg,1920,1440,780772
"3-Aug 01 2025 10_44am-Tznq.jpg","Cardinal/2025/4909 Haverwood - Multifamily Hybrid Piers",jpg,1440,1920,792525
"2-Mar 18 2025 10_34am-Xpnz.jpg","Cardinal/2025/4001 N Belt Line Rd",jpg,2882,2162,1976895
"2-Mar 18 2025 10_34am-hxHp.jpg","Cardinal/2025/4001 N Belt Line Rd",jpg,2882,2162,1976895
"4-Mar 20 2025 11_21am-xUnY.jpg","Cardinal/2025/4001 N Belt Line Rd",jpg,2160,2880,1279044
"1-Mar 18 2025 10_34am-Dx5F.jpg","Cardinal/2025/4001 N Belt Line Rd",jpg,2882,2162,1983840
"1-Mar 18 2025 10_34am-UoZ3.jpg","Cardinal/2025/4001 N Belt Line Rd",jpg,2882,2162,1983840
"Multifamily Lowering-Mar 27 2025 11_22PM-10499394.mp4","Cardinal/2025/4001 N Belt Line Rd",mp4,1080,1920,117827881
"4-Jul 07 2025 05_08pm-4oHN.jpg","Cardinal/2025/605 Roy Ln Keller",jpg,2160,2880,1580191
"1-Jun 20 2025 05_53pm-yua7.jpg","Cardinal/2025/605 Roy Ln Keller",jpg,2160,2880,1966409
"8-Jul 11 2025 05_54pm-kXgv.jpg","Cardinal/2025/605 Roy Ln Keller",jpg,2160,2880,1504260
"5-Jul 07 2025 05_08pm-vDAr.jpg","Cardinal/2025/605 Roy Ln Keller",jpg,2882,2162,1023803
"3-Apr 07 2025 12_36pm-QQ3B.jpg","Cardinal/2025/3407 Shady Hill Dr - Baytown Multifamily",jpg,1440,1920,856824
"79-Apr 22 2025 09_03am-3yon.jpg","Cardinal/2025/3407 Shady Hill Dr - Baytown Multifamily",jpg,1440,1920,819039
"95-Apr 22 2025 09_22am-6o2T.jpg","Cardinal/2025/3407 Shady Hill Dr - Baytown Multifamily",jpg,1440,1920,579968
"41-Apr 07 2025 12_57pm-VNcu.jpg","Cardinal/2025/3407 Shady Hill Dr - Baytown Multifamily",jpg,1920,1440,793114
"66-Apr 17 2025 06_29pm-L8u3.jpg","Cardinal/2025/3407 Shady Hill Dr - Baytown Multifamily",jpg,1536,2040,609972
"62-Apr 17 2025 06_29pm-TKg4.jpg","Cardinal/2025/3407 Shady Hill Dr - Baytown Multifamily",jpg,2040,1536,278319
"1-Apr 07 2025 12_35pm-gd1e.jpg","Cardinal/2025/3407 Shady Hill Dr - Baytown Multifamily",jpg,1920,1440,856870
"63-Apr 17 2025 06_29pm-sHc9.jpg","Cardinal/2025/3407 Shady Hill Dr - Baytown Multifamily",jpg,1536,2040,240674
"42-Apr 07 2025 12_57pm-rJsh.jpg","Cardinal/2025/3407 Shady Hill Dr - Baytown Multifamily",jpg,1920,1440,788548
"43-Apr 07 2025 12_57pm-71b3.jpg","Cardinal/2025/3407 Shady Hill Dr - Baytown Multifamily",jpg,1920,1440,846762
"24-Apr 07 2025 12_48pm-b4J5.jpg","Cardinal/2025/3407 Shady Hill Dr - Baytown Multifamily",jpg,1440,1920,637042
"88-Apr 22 2025 09_10am-95wX.jpg","Cardinal/2025/3407 Shady Hill Dr - Baytown Multifamily",jpg,1440,1920,945037
"16-Apr 07 2025 12_39pm-cdxE.jpg","Cardinal/2025/3407 Shady Hill Dr - Baytown Multifamily",jpg,1920,1440,949397
"22-Apr 07 2025 12_48pm-d7wj.jpg","Cardinal/2025/3407 Shady Hill Dr - Baytown Multifamily",jpg,1440,1920,650372
"92-Apr 22 2025 09_11am-NEu7.jpg","Cardinal/2025/3407 Shady Hill Dr - Baytown Multifamily",jpg,1440,1920,886562
"53-Apr 17 2025 06_29pm-LWMA.jpg","Cardinal/2025/3407 Shady Hill Dr - Baytown Multifamily",jpg,1536,2040,217658
"59-Apr 17 2025 06_29pm-qTmt.jpg","Cardinal/2025/3407 Shady Hill Dr - Baytown Multifamily",jpg,1536,2040,211553
"64-Apr 17 2025 06_29pm-8GqV.jpg","Cardinal/2025/3407 Shady Hill Dr - Baytown Multifamily",jpg,1536,2040,245998
"39-Apr 07 2025 12_56pm-GEfB.jpg","Cardinal/2025/3407 Shady Hill Dr - Baytown Multifamily",jpg,1920,1440,762803
"35-Apr 07 2025 12_54pm-P1zu.jpg","Cardinal/2025/3407 Shady Hill Dr - Baytown Multifamily",jpg,1440,1920,741524
"105-Apr 22 2025 09_24am-XqMq.jpg","Cardinal/2025/3407 Shady Hill Dr - Baytown Multifamily",jpg,1920,1440,1044784
"10-Apr 07 2025 12_36pm-uh2V.jpg","Cardinal/2025/3407 Shady Hill Dr - Baytown Multifamily",jpg,1440,1920,668627
"91-Apr 22 2025 09_11am-QcGK.jpg","Cardinal/2025/3407 Shady Hill Dr - Baytown Multifamily",jpg,1440,1920,1261333
"8-Apr 07 2025 12_36pm-nEYn.jpg","Cardinal/2025/3407 Shady Hill Dr - Baytown Multifamily",jpg,1920,1440,774154
"70-Apr 17 2025 06_30pm-7Tkf.jpg","Cardinal/2025/3407 Shady Hill Dr - Baytown Multifamily",jpg,1536,2040,563572
"26-Apr 07 2025 12_49pm-ctXL.jpg","Cardinal/2025/3407 Shady Hill Dr - Baytown Multifamily",jpg,1920,1440,659389
"23-Apr 07 2025 12_48pm-anrG.jpg","Cardinal/2025/3407 Shady Hill Dr - Baytown Multifamily",jpg,1440,1920,691499
"32-Apr 07 2025 12_53pm-Jk4h.jpg","Cardinal/2025/3407 Shady Hill Dr - Baytown Multifamily",jpg,1440,1920,641476
"107-Apr 22 2025 09_24am-ieot.jpg","Cardinal/2025/3407 Shady Hill Dr - Baytown Multifamily",jpg,1440,1920,914661
"77-Apr 22 2025 09_02am-2w3v.jpg","Cardinal/2025/3407 Shady Hill Dr - Baytown Multifamily",jpg,1440,1920,983374
"11-Apr 07 2025 12_37pm-5Yg4.jpg","Cardinal/2025/3407 Shady Hill Dr - Baytown Multifamily",jpg,1440,1920,686804
"52-Apr 17 2025 06_29pm-oZS8.jpg","Cardinal/2025/3407 Shady Hill Dr - Baytown Multifamily",jpg,1536,2040,378762
"5-Apr 07 2025 12_36pm-84fC.jpg","Cardinal/2025/3407 Shady Hill Dr - Baytown Multifamily",jpg,1920,1440,756576
"50-Apr 17 2025 06_29pm-mtfo.jpg","Cardinal/2025/3407 Shady Hill Dr - Baytown Multifamily",jpg,1536,2040,335984
"75-Apr 22 2025 09_01am-kQpY.jpg","Cardinal/2025/3407 Shady Hill Dr - Baytown Multifamily",jpg,1440,1920,838897
"85-Apr 22 2025 09_10am-rjze.jpg","Cardinal/2025/3407 Shady Hill Dr - Baytown Multifamily",jpg,1440,1920,760008
"67-Apr 17 2025 06_30pm-pLQh.jpg","Cardinal/2025/3407 Shady Hill Dr - Baytown Multifamily",jpg,1536,2040,610917
"102-Apr 22 2025 09_23am-3aRh.jpg","Cardinal/2025/3407 Shady Hill Dr - Baytown Multifamily",jpg,1440,1920,627735
"55-Apr 17 2025 06_29pm-e7N5.jpg","Cardinal/2025/3407 Shady Hill Dr - Baytown Multifamily",jpg,1536,2040,191249
"89-Apr 22 2025 09_10am-Nv72.jpg","Cardinal/2025/3407 Shady Hill Dr - Baytown Multifamily",jpg,1440,1920,1073535
"31-Apr 07 2025 12_53pm-4jg4.jpg","Cardinal/2025/3407 Shady Hill Dr - Baytown Multifamily",jpg,1440,1920,574698
"12-Apr 07 2025 12_37pm-HgH1.jpg","Cardinal/2025/3407 Shady Hill Dr - Baytown Multifamily",jpg,1440,1920,583838
"71-Apr 17 2025 06_30pm-aW19.jpg","Cardinal/2025/3407 Shady Hill Dr - Baytown Multifamily",jpg,1536,2040,563979
"30-Apr 07 2025 12_50pm-ACmC.jpg","Cardinal/2025/3407 Shady Hill Dr - Baytown Multifamily",jpg,1920,1440,600859
"2-Apr 07 2025 12_36pm-hETw.jpg","Cardinal/2025/3407 Shady Hill Dr - Baytown Multifamily",jpg,1440,1920,604536
"25-Apr 07 2025 12_49pm-XyZD.jpg","Cardinal/2025/3407 Shady Hill Dr - Baytown Multifamily",jpg,1920,1440,658385
"108-Apr 22 2025 09_24am-4DbU.jpg","Cardinal/2025/3407 Shady Hill Dr - Baytown Multifamily",jpg,1440,1920,850014
"68-Apr 17 2025 06_30pm-vuAy.jpg","Cardinal/2025/3407 Shady Hill Dr - Baytown Multifamily",jpg,1536,2040,497882
"45-Apr 07 2025 12_58pm-EzZn.jpg","Cardinal/2025/3407 Shady Hill Dr - Baytown Multifamily",jpg,1440,1920,601375
"4-Apr 07 2025 12_36pm-4dwA.jpg","Cardinal/2025/3407 Shady Hill Dr - Baytown Multifamily",jpg,1920,1440,731997
"18-Apr 07 2025 12_39pm-YzT8.jpg","Cardinal/2025/3407 Shady Hill Dr - Baytown Multifamily",jpg,1440,1920,1003495
"99-Apr 22 2025 09_22am-c2AA.jpg","Cardinal/2025/3407 Shady Hill Dr - Baytown Multifamily",jpg,1920,1440,229183
"34-Apr 07 2025 12_54pm-NNB3.jpg","Cardinal/2025/3407 Shady Hill Dr - Baytown Multifamily",jpg,1920,1440,511776
"7-Apr 07 2025 12_36pm-oTqw.jpg","Cardinal/2025/3407 Shady Hill Dr - Baytown Multifamily",jpg,1920,1440,775223
"97-Apr 22 2025 09_22am-ihZY.jpg","Cardinal/2025/3407 Shady Hill Dr - Baytown Multifamily",jpg,1440,1920,534602
"76-Apr 22 2025 09_02am-mo1S.jpg","Cardinal/2025/3407 Shady Hill Dr - Baytown Multifamily",jpg,1440,1920,1031940
"29-Apr 07 2025 12_50pm-97ZF.jpg","Cardinal/2025/3407 Shady Hill Dr - Baytown Multifamily",jpg,1440,1920,472898
"27-Apr 07 2025 12_49pm-fv4o.jpg","Cardinal/2025/3407 Shady Hill Dr - Baytown Multifamily",jpg,1920,1440,592679
"61-Apr 17 2025 06_29pm-Xh3u.jpg","Cardinal/2025/3407 Shady Hill Dr - Baytown Multifamily",jpg,1536,2040,222030
"28-Apr 07 2025 12_49pm-ZYUD.jpg","Cardinal/2025/3407 Shady Hill Dr - Baytown Multifamily",jpg,1440,1920,517368
"14-Apr 07 2025 12_37pm-DZuc.jpg","Cardinal/2025/3407 Shady Hill Dr - Baytown Multifamily",jpg,1920,1440,595390
"83-Apr 22 2025 09_07am-4kmX.jpg","Cardinal/2025/3407 Shady Hill Dr - Baytown Multifamily",jpg,1440,1920,800635
"98-Apr 22 2025 09_22am-frN9.jpg","Cardinal/2025/3407 Shady Hill Dr - Baytown Multifamily",jpg,1440,1920,431437
"56-Apr 17 2025 06_29pm-Bhcv.jpg","Cardinal/2025/3407 Shady Hill Dr - Baytown Multifamily",jpg,1536,2040,263196
"106-Apr 22 2025 09_24am-Pe1s.jpg","Cardinal/2025/3407 Shady Hill Dr - Baytown Multifamily",jpg,1920,1440,1069558
"103-Apr 22 2025 09_23am-JW86.jpg","Cardinal/2025/3407 Shady Hill Dr - Baytown Multifamily",jpg,1440,1920,806650
"37-Apr 07 2025 12_55pm-KooW.jpg","Cardinal/2025/3407 Shady Hill Dr - Baytown Multifamily",jpg,1440,1920,796864
"47-Apr 08 2025 09_21am-4XWX.jpg","Cardinal/2025/3407 Shady Hill Dr - Baytown Multifamily",jpg,1440,1920,822392
"104-Apr 22 2025 09_23am-svPt.jpg","Cardinal/2025/3407 Shady Hill Dr - Baytown Multifamily",jpg,1920,1440,866128
"20-Apr 07 2025 12_39pm-7QFk.jpg","Cardinal/2025/3407 Shady Hill Dr - Baytown Multifamily",jpg,1920,1440,638526
"93-Apr 22 2025 09_15am-J3Lt.jpg","Cardinal/2025/3407 Shady Hill Dr - Baytown Multifamily",jpg,1440,1920,832664
"49-Apr 17 2025 06_29pm-zQkp.jpg","Cardinal/2025/3407 Shady Hill Dr - Baytown Multifamily",jpg,1536,2040,496868
"65-Apr 17 2025 06_29pm-uuqR.jpg","Cardinal/2025/3407 Shady Hill Dr - Baytown Multifamily",jpg,1536,2040,540097
"44-Apr 07 2025 12_58pm-ExtC.jpg","Cardinal/2025/3407 Shady Hill Dr - Baytown Multifamily",jpg,1440,1920,209723
"33-Apr 07 2025 12_54pm-5NhS.jpg","Cardinal/2025/3407 Shady Hill Dr - Baytown Multifamily",jpg,1920,1440,534607
"9-Apr 07 2025 12_36pm-wSTo.jpg","Cardinal/2025/3407 Shady Hill Dr - Baytown Multifamily",jpg,1920,1440,766717
"48-Apr 17 2025 06_29pm-nsgk.jpg","Cardinal/2025/3407 Shady Hill Dr - Baytown Multifamily",jpg,1536,2040,688917
"86-Apr 22 2025 09_10am-ZBiU.jpg","Cardinal/2025/3407 Shady Hill Dr - Baytown Multifamily",jpg,1440,1920,841888
"81-Apr 22 2025 09_06am-nVuz.jpg","Cardinal/2025/3407 Shady Hill Dr - Baytown Multifamily",jpg,1440,1920,639640
"73-Apr 22 2025 09_01am-zn9h.jpg","Cardinal/2025/3407 Shady Hill Dr - Baytown Multifamily",jpg,1440,1920,976328
"6-Apr 07 2025 12_36pm-J17m.jpg","Cardinal/2025/3407 Shady Hill Dr - Baytown Multifamily",jpg,1440,1920,584815
"69-Apr 17 2025 06_30pm-zakE.jpg","Cardinal/2025/3407 Shady Hill Dr - Baytown Multifamily",jpg,1536,2040,432832
"40-Apr 07 2025 12_56pm-144u.jpg","Cardinal/2025/3407 Shady Hill Dr - Baytown Multifamily",jpg,1920,1440,885441
"51-Apr 17 2025 06_29pm-tjxu.jpg","Cardinal/2025/3407 Shady Hill Dr - Baytown Multifamily",jpg,1536,2040,546548
"21-Apr 07 2025 12_39pm-bCJw.jpg","Cardinal/2025/3407 Shady Hill Dr - Baytown Multifamily",jpg,1440,1920,839746
"46-Apr 08 2025 09_21am-GmVS.jpg","Cardinal/2025/3407 Shady Hill Dr - Baytown Multifamily",jpg,1920,1440,778846
"87-Apr 22 2025 09_10am-ijTw.jpg","Cardinal/2025/3407 Shady Hill Dr - Baytown Multifamily",jpg,1440,1920,956314
"19-Apr 07 2025 12_39pm-kTVr.jpg","Cardinal/2025/3407 Shady Hill Dr - Baytown Multifamily",jpg,1440,1920,745470
"15-Apr 07 2025 12_39pm-MXJL.jpg","Cardinal/2025/3407 Shady Hill Dr - Baytown Multifamily",jpg,1920,1440,799800
"60-Apr 17 2025 06_29pm-xJur.jpg","Cardinal/2025/3407 Shady Hill Dr - Baytown Multifamily",jpg,1536,2040,275116
"78-Apr 22 2025 09_02am-k2Fe.jpg","Cardinal/2025/3407 Shady Hill Dr - Baytown Multifamily",jpg,1440,1920,940222
"94-Apr 22 2025 09_15am-LnpT.jpg","Cardinal/2025/3407 Shady Hill Dr - Baytown Multifamily",jpg,1440,1920,969758
"96-Apr 22 2025 09_22am-9eNN.jpg","Cardinal/2025/3407 Shady Hill Dr - Baytown Multifamily",jpg,1440,1920,677345
"101-Apr 22 2025 09_23am-qx1w.jpg","Cardinal/2025/3407 Shady Hill Dr - Baytown Multifamily",jpg,1920,1440,825502
"58-Apr 17 2025 06_29pm-qQKp.jpg","Cardinal/2025/3407 Shady Hill Dr - Baytown Multifamily",jpg,1536,2040,252240
"80-Apr 22 2025 09_06am-VYbW.jpg","Cardinal/2025/3407 Shady Hill Dr - Baytown Multifamily",jpg,1440,1920,1025157
"54-Apr 17 2025 06_29pm-3Vkm.jpg","Cardinal/2025/3407 Shady Hill Dr - Baytown Multifamily",jpg,1536,2040,231450
"84-Apr 22 2025 09_09am-BUZ6.jpg","Cardinal/2025/3407 Shady Hill Dr - Baytown Multifamily",jpg,1440,1920,1009410
"74-Apr 22 2025 09_01am-Vq4a.jpg","Cardinal/2025/3407 Shady Hill Dr - Baytown Multifamily",jpg,1920,1440,856262
"36-Apr 07 2025 12_54pm-PiJ1.jpg","Cardinal/2025/3407 Shady Hill Dr - Baytown Multifamily",jpg,1440,1920,687314
"38-Apr 07 2025 12_55pm-H4wT.jpg","Cardinal/2025/3407 Shady Hill Dr - Baytown Multifamily",jpg,1440,1920,846785
"57-Apr 17 2025 06_29pm-wwVA.jpg","Cardinal/2025/3407 Shady Hill Dr - Baytown Multifamily",jpg,1536,2040,268387
"82-Apr 22 2025 09_07am-VCcq.jpg","Cardinal/2025/3407 Shady Hill Dr - Baytown Multifamily",jpg,1440,1920,847440
"72-Apr 17 2025 06_30pm-PFAA.jpg","Cardinal/2025/3407 Shady Hill Dr - Baytown Multifamily",jpg,1536,2040,563029
"100-Apr 22 2025 09_22am-FNnL.jpg","Cardinal/2025/3407 Shady Hill Dr - Baytown Multifamily",jpg,1440,1920,578230
"13-Apr 07 2025 12_37pm-s7zp.jpg","Cardinal/2025/3407 Shady Hill Dr - Baytown Multifamily",jpg,1440,1920,751504
"90-Apr 22 2025 09_10am-dAVs.jpg","Cardinal/2025/3407 Shady Hill Dr - Baytown Multifamily",jpg,1440,1920,842936
"17-Apr 07 2025 12_39pm-UNZC.jpg","Cardinal/2025/3407 Shady Hill Dr - Baytown Multifamily",jpg,1440,1920,684556
"IMG_4563.jpeg","Cardinal/2024/Commercial - Industrial/1850 Diplomat",jpeg,4032,3024,5281289
"IMG_3766.jpeg","Cardinal/2024/Commercial - Industrial/1850 Diplomat",jpeg,4032,3024,8063836
"IMG_4518.jpeg","Cardinal/2024/Commercial - Industrial/1850 Diplomat",jpeg,4032,3024,6843433
"IMG_4514.jpeg","Cardinal/2024/Commercial - Industrial/1850 Diplomat",jpeg,4032,3024,6628763
"image000002.jpeg","Cardinal/2024/Commercial - Industrial/1850 Diplomat",jpeg,739,1600,167356
"IMG_4515.jpeg","Cardinal/2024/Commercial - Industrial/1850 Diplomat",jpeg,4032,3024,5756992
"IMG_3771.jpeg","Cardinal/2024/Commercial - Industrial/1850 Diplomat",jpeg,4032,3024,3067854
"IMG_3767.jpeg","Cardinal/2024/Commercial - Industrial/1850 Diplomat",jpeg,4032,3024,6858849
"IMG_4466.jpeg","Cardinal/2024/Commercial - Industrial/1850 Diplomat",jpeg,4032,3024,2982062
"IMG_4562.jpeg","Cardinal/2024/Commercial - Industrial/1850 Diplomat",jpeg,4032,3024,5684145
"IMG_4569.jpeg","Cardinal/2024/Commercial - Industrial/1850 Diplomat",jpeg,4032,3024,3342270
"image000005.jpeg","Cardinal/2024/Commercial - Industrial/1850 Diplomat",jpeg,522,1130,302828
"IMG_3776.jpeg","Cardinal/2024/Commercial - Industrial/1850 Diplomat",jpeg,4032,3024,2927627
"image000008.jpeg","Cardinal/2024/Commercial - Industrial/1850 Diplomat",jpeg,369,799,172159
"IMG_3761.jpeg","Cardinal/2024/Commercial - Industrial/1850 Diplomat",jpeg,4032,3024,5929782
"IMG_4572.jpeg","Cardinal/2024/Commercial - Industrial/1850 Diplomat",jpeg,4032,3024,3827946
"IMG_4460.jpeg","Cardinal/2024/Commercial - Industrial/1850 Diplomat",jpeg,4032,3024,3774840
"IMG_4564.jpeg","Cardinal/2024/Commercial - Industrial/1850 Diplomat",jpeg,4032,3024,7025389
"IMG_3782.jpeg","Cardinal/2024/Commercial - Industrial/1850 Diplomat",jpeg,4032,3024,3020005
"image000007.jpeg","Cardinal/2024/Commercial - Industrial/1850 Diplomat",jpeg,522,1130,145895
"IMG_3781.jpeg","Cardinal/2024/Commercial - Industrial/1850 Diplomat",jpeg,4032,3024,3059498
"IMG_4459.jpeg","Cardinal/2024/Commercial - Industrial/1850 Diplomat",jpeg,4032,3024,3592884
"IMG_3762.jpeg","Cardinal/2024/Commercial - Industrial/1850 Diplomat",jpeg,4032,3024,7439267
"IMG_4571.jpeg","Cardinal/2024/Commercial - Industrial/1850 Diplomat",jpeg,4032,3024,3356257
"IMG_4463.jpeg","Cardinal/2024/Commercial - Industrial/1850 Diplomat",jpeg,4032,3024,3146510
"IMG_4570.jpeg","Cardinal/2024/Commercial - Industrial/1850 Diplomat",jpeg,4032,3024,2421156
"IMG_3763.jpeg","Cardinal/2024/Commercial - Industrial/1850 Diplomat",jpeg,4032,3024,6518744
"image000006.jpeg","Cardinal/2024/Commercial - Industrial/1850 Diplomat",jpeg,739,1600,220773
"IMG_3772.jpeg","Cardinal/2024/Commercial - Industrial/1850 Diplomat",jpeg,4032,3024,2661118
"IMG_3764.jpeg","Cardinal/2024/Commercial - Industrial/1850 Diplomat",jpeg,4032,3024,7449364
"IMG_4465.jpeg","Cardinal/2024/Commercial - Industrial/1850 Diplomat",jpeg,4032,3024,3331485
"IMG_4516.jpeg","Cardinal/2024/Commercial - Industrial/1850 Diplomat",jpeg,4032,3024,6029663
"IMG_3768.jpeg","Cardinal/2024/Commercial - Industrial/1850 Diplomat",jpeg,4032,3024,7609193
"IMG_3769.jpeg","Cardinal/2024/Commercial - Industrial/1850 Diplomat",jpeg,4032,3024,8201199
"IMG_4517.jpeg","Cardinal/2024/Commercial - Industrial/1850 Diplomat",jpeg,4032,3024,6148451
"image000000.jpeg","Cardinal/2024/Commercial - Industrial/1850 Diplomat",jpeg,369,799,136953
"IMG_4464.jpeg","Cardinal/2024/Commercial - Industrial/1850 Diplomat",jpeg,4032,3024,2876794
"IMG_2095.HEIC","Cardinal/2024/Commercial - Industrial/3590 N I-35",heic,4032,3024,1787343
"IMG_2083.HEIC","Cardinal/2024/Commercial - Industrial/3590 N I-35",heic,4032,3024,2097363
"cardinal foundation services1.jpeg","Cardinal/2024/Commercial - Industrial/3590 N I-35",jpeg,4032,3024,3436601
"IMG_2099.HEIC","Cardinal/2024/Commercial - Industrial/3590 N I-35",heic,4032,3024,1858206
"IMG_2076.HEIC","Cardinal/2024/Commercial - Industrial/3590 N I-35",heic,4032,3024,2342596
"IMG_2086.jpeg","Cardinal/2024/Commercial - Industrial/3590 N I-35",jpeg,4032,3024,3157969
"IMG_2091.jpeg","Cardinal/2024/Commercial - Industrial/3590 N I-35",jpeg,4032,3024,3055541
"IMG_2087.jpeg","Cardinal/2024/Commercial - Industrial/3590 N I-35",jpeg,4032,3024,4317616
"IMG_1708.HEIC","Cardinal/2024/Commercial - Industrial/3590 N I-35",heic,4032,3024,3119669
"IMG_2098.HEIC","Cardinal/2024/Commercial - Industrial/3590 N I-35",heic,4032,3024,1972936
"IMG_2077.HEIC","Cardinal/2024/Commercial - Industrial/3590 N I-35",heic,4032,3024,2120579
"IMG_2082.HEIC","Cardinal/2024/Commercial - Industrial/3590 N I-35",heic,4032,3024,2184129
"IMG_2094.HEIC","Cardinal/2024/Commercial - Industrial/3590 N I-35",heic,4032,3024,1270510
"IMG_2089.HEIC","Cardinal/2024/Commercial - Industrial/3590 N I-35",heic,4032,3024,1898282
"IMG_2080.jpeg","Cardinal/2024/Commercial - Industrial/3590 N I-35",jpeg,4032,3024,3839302
"IMG_2079.jpeg","Cardinal/2024/Commercial - Industrial/3590 N I-35",jpeg,4032,3024,3836352
"IMG_2096.jpeg","Cardinal/2024/Commercial - Industrial/3590 N I-35",jpeg,4032,3024,3799033
"IMG_2093.HEIC","Cardinal/2024/Commercial - Industrial/3590 N I-35",heic,4032,3024,1462849
"IMG_2085.HEIC","Cardinal/2024/Commercial - Industrial/3590 N I-35",heic,4032,3024,1701708
"IMG_2075.jpeg","Cardinal/2024/Commercial - Industrial/3590 N I-35",jpeg,4032,3024,4091429
"IMG_2074.jpeg","Cardinal/2024/Commercial - Industrial/3590 N I-35",jpeg,4032,3024,3743212
"IMG_2084.HEIC","Cardinal/2024/Commercial - Industrial/3590 N I-35",heic,4032,3024,1534667
"IMG_2092.HEIC","Cardinal/2024/Commercial - Industrial/3590 N I-35",heic,4032,3024,2022967
"IMG_2078.jpeg","Cardinal/2024/Commercial - Industrial/3590 N I-35",jpeg,4032,3024,4007695
"IMG_2097.jpeg","Cardinal/2024/Commercial - Industrial/3590 N I-35",jpeg,4032,3024,3404171
"IMG_2081.jpeg","Cardinal/2024/Commercial - Industrial/3590 N I-35",jpeg,4032,3024,3603071
"IMG_2088.HEIC","Cardinal/2024/Commercial - Industrial/3590 N I-35",heic,4032,3024,1770960
"IMG_2094.jpeg","Cardinal/2024/Commercial - Industrial/3590 N I-35",jpeg,4032,3024,2390908
"IMG_2082.jpeg","Cardinal/2024/Commercial - Industrial/3590 N I-35",jpeg,4032,3024,3795792
"IMG_2098.jpeg","Cardinal/2024/Commercial - Industrial/3590 N I-35",jpeg,4032,3024,3376288
"IMG_2077.jpeg","Cardinal/2024/Commercial - Industrial/3590 N I-35",jpeg,4032,3024,3608768
"IMG_1708.jpeg","Cardinal/2024/Commercial - Industrial/3590 N I-35",jpeg,4032,3024,4331550
"IMG_2087.HEIC","Cardinal/2024/Commercial - Industrial/3590 N I-35",heic,4032,3024,2631986
"IMG_2091.HEIC","Cardinal/2024/Commercial - Industrial/3590 N I-35",heic,4032,3024,1658678
"IMG_2086.HEIC","Cardinal/2024/Commercial - Industrial/3590 N I-35",heic,4032,3024,1702309
"IMG_2099.jpeg","Cardinal/2024/Commercial - Industrial/3590 N I-35",jpeg,4032,3024,3185712
"cardinal foundation services4.jpeg","Cardinal/2024/Commercial - Industrial/3590 N I-35",jpeg,4032,3024,3095851
"IMG_2076.jpeg","Cardinal/2024/Commercial - Industrial/3590 N I-35",jpeg,4032,3024,3943991
"IMG_2083.jpeg","Cardinal/2024/Commercial - Industrial/3590 N I-35",jpeg,4032,3024,3596080
"IMG_2095.jpeg","Cardinal/2024/Commercial - Industrial/3590 N I-35",jpeg,4032,3024,3330167
"IMG_2088.jpeg","Cardinal/2024/Commercial - Industrial/3590 N I-35",jpeg,4032,3024,3407722
"cardinal foundation services1.png","Cardinal/2024/Commercial - Industrial/3590 N I-35",png,4032,3024,18056389
"IMG_2081.HEIC","Cardinal/2024/Commercial - Industrial/3590 N I-35",heic,4032,3024,2023656
"IMG_2078.HEIC","Cardinal/2024/Commercial - Industrial/3590 N I-35",heic,4032,3024,2430411
"IMG_2097.HEIC","Cardinal/2024/Commercial - Industrial/3590 N I-35",heic,4032,3024,1780529
"IMG_2092.jpeg","Cardinal/2024/Commercial - Industrial/3590 N I-35",jpeg,4032,3024,3661315
"IMG_2084.jpeg","Cardinal/2024/Commercial - Industrial/3590 N I-35",jpeg,4032,3024,2821540
"cardinal foundation services2.png","Cardinal/2024/Commercial - Industrial/3590 N I-35",png,3024,4032,18335241
"IMG_2074.HEIC","Cardinal/2024/Commercial - Industrial/3590 N I-35",heic,4032,3024,2183151
"IMG_2075.HEIC","Cardinal/2024/Commercial - Industrial/3590 N I-35",heic,4032,3024,2417114
"IMG_2085.jpeg","Cardinal/2024/Commercial - Industrial/3590 N I-35",jpeg,4032,3024,3132787
"IMG_2093.jpeg","Cardinal/2024/Commercial - Industrial/3590 N I-35",jpeg,4032,3024,2613839
"IMG_2079.HEIC","Cardinal/2024/Commercial - Industrial/3590 N I-35",heic,4032,3024,2218501
"IMG_2096.HEIC","Cardinal/2024/Commercial - Industrial/3590 N I-35",heic,4032,3024,2007795
"IMG_2080.HEIC","Cardinal/2024/Commercial - Industrial/3590 N I-35",heic,4032,3024,2267138
"cardinal foundation services4.png","Cardinal/2024/Commercial - Industrial/3590 N I-35",png,4032,3024,14999780
"IMG_2089.jpeg","Cardinal/2024/Commercial - Industrial/3590 N I-35",jpeg,4032,3024,3430983
"cardinal foundation services2.jpeg","Cardinal/2024/Commercial - Industrial/3590 N I-35",jpeg,3024,4032,3682734
"IMG_1366.jpeg","Cardinal/2024/Commercial - Office-Retail/600 W 6th St",jpeg,4032,3024,6434757
"IMG_1389.jpeg","Cardinal/2024/Commercial - Office-Retail/600 W 6th St",jpeg,4032,3024,4066733
"IMG_1370.jpeg","Cardinal/2024/Commercial - Office-Retail/600 W 6th St",jpeg,4032,3024,6496117
"IMG_1396.HEIC","Cardinal/2024/Commercial - Office-Retail/600 W 6th St",heic,4032,3024,4420950
"IMG_1379.HEIC","Cardinal/2024/Commercial - Office-Retail/600 W 6th St",heic,4032,3024,3930158
"IMG_1380.HEIC","Cardinal/2024/Commercial - Office-Retail/600 W 6th St",heic,4032,3024,4091937
"IMG_1385.jpeg","Cardinal/2024/Commercial - Office-Retail/600 W 6th St",jpeg,4032,3024,3167104
"IMG_1393.jpeg","Cardinal/2024/Commercial - Office-Retail/600 W 6th St",jpeg,4032,3024,3191565
"23EA388E-A678-4C3C-91A2-CEEBEA8B3140.jpeg","Cardinal/2024/Commercial - Office-Retail/600 W 6th St",jpeg,2550,3301,137635
"IMG_1375.HEIC","Cardinal/2024/Commercial - Office-Retail/600 W 6th St",heic,4032,3024,3299448
"IMG_1363.HEIC","Cardinal/2024/Commercial - Office-Retail/600 W 6th St",heic,4032,3024,3723503
"1C9BE00E-F81C-4FC4-AAC1-FC9A9947E450.jpeg","Cardinal/2024/Commercial - Office-Retail/600 W 6th St",jpeg,2550,3301,137635
"IMG_1362.HEIC","Cardinal/2024/Commercial - Office-Retail/600 W 6th St",heic,4032,3024,3623758
"IMG_1374.HEIC","Cardinal/2024/Commercial - Office-Retail/600 W 6th St",heic,4032,3024,4373702
"IMG_1392.jpeg","Cardinal/2024/Commercial - Office-Retail/600 W 6th St",jpeg,4032,3024,5183894
"IMG_1384.jpeg","Cardinal/2024/Commercial - Office-Retail/600 W 6th St",jpeg,4032,3024,2542494
"IMG_1373.MOV","Cardinal/2024/Commercial - Office-Retail/600 W 6th St",mov,1920,,49267721
"IMG_1398.MOV","Cardinal/2024/Commercial - Office-Retail/600 W 6th St",mov,1920,,60359603
"IMG_1381.HEIC","Cardinal/2024/Commercial - Office-Retail/600 W 6th St",heic,4032,3024,3734011
"IMG_1397.HEIC","Cardinal/2024/Commercial - Office-Retail/600 W 6th St",heic,4032,3024,4591413
"IMG_1378.HEIC","Cardinal/2024/Commercial - Office-Retail/600 W 6th St",heic,4032,3024,3821659
"IMG_1371.jpeg","Cardinal/2024/Commercial - Office-Retail/600 W 6th St",jpeg,4032,3024,5161949
"IMG_1367.jpeg","Cardinal/2024/Commercial - Office-Retail/600 W 6th St",jpeg,4032,3024,5559322
"IMG_1388.jpeg","Cardinal/2024/Commercial - Office-Retail/600 W 6th St",jpeg,4032,3024,4028128
"EB901A31-6343-4C8A-8C7B-466A846FF2E0.jpeg","Cardinal/2024/Commercial - Office-Retail/600 W 6th St",jpeg,2550,3301,137890
"IMG_1395.jpeg","Cardinal/2024/Commercial - Office-Retail/600 W 6th St",jpeg,4032,3024,3621683
"IMG_1365.HEIC","Cardinal/2024/Commercial - Office-Retail/600 W 6th St",heic,4032,3024,3510276
"IMG_1376.jpeg","Cardinal/2024/Commercial - Office-Retail/600 W 6th St",jpeg,4032,3024,5944467
"IMG_1390.HEIC","Cardinal/2024/Commercial - Office-Retail/600 W 6th St",heic,4032,3024,2284159
"IMG_1386.HEIC","Cardinal/2024/Commercial - Office-Retail/600 W 6th St",heic,4032,3024,1512209
"IMG_1369.HEIC","Cardinal/2024/Commercial - Office-Retail/600 W 6th St",heic,4032,3024,4373927
"IMG_1387.HEIC","Cardinal/2024/Commercial - Office-Retail/600 W 6th St",heic,4032,3024,2999724
"IMG_1368.HEIC","Cardinal/2024/Commercial - Office-Retail/600 W 6th St",heic,4032,3024,3115501
"IMG_1377.jpeg","Cardinal/2024/Commercial - Office-Retail/600 W 6th St",jpeg,4032,3024,5598238
"IMG_1364.HEIC","Cardinal/2024/Commercial - Office-Retail/600 W 6th St",heic,4032,3024,3485593
"IMG_1372.HEIC","Cardinal/2024/Commercial - Office-Retail/600 W 6th St",heic,4032,3024,3319857
"IMG_1394.jpeg","Cardinal/2024/Commercial - Office-Retail/600 W 6th St",jpeg,4032,3024,3497592
"IMG_1367.HEIC","Cardinal/2024/Commercial - Office-Retail/600 W 6th St",heic,4032,3024,3866031
"IMG_1388.HEIC","Cardinal/2024/Commercial - Office-Retail/600 W 6th St",heic,4032,3024,2671320
"IMG_1371.HEIC","Cardinal/2024/Commercial - Office-Retail/600 W 6th St",heic,4032,3024,3297393
"IMG_1397.jpeg","Cardinal/2024/Commercial - Office-Retail/600 W 6th St",jpeg,4032,3024,5967715
"IMG_1378.jpeg","Cardinal/2024/Commercial - Office-Retail/600 W 6th St",jpeg,4032,3024,5455258
"IMG_1381.jpeg","Cardinal/2024/Commercial - Office-Retail/600 W 6th St",jpeg,4032,3024,5310235
"IMG_1384.HEIC","Cardinal/2024/Commercial - Office-Retail/600 W 6th St",heic,4032,3024,1712246
"IMG_1392.HEIC","Cardinal/2024/Commercial - Office-Retail/600 W 6th St",heic,4032,3024,3589102
"DD8A4B36-9CFB-4253-98AB-0D196A365E90.jpeg","Cardinal/2024/Commercial - Office-Retail/600 W 6th St",jpeg,2550,3301,137963
"IMG_1374.jpeg","Cardinal/2024/Commercial - Office-Retail/600 W 6th St",jpeg,4032,3024,6293654
"IMG_1362.jpeg","Cardinal/2024/Commercial - Office-Retail/600 W 6th St",jpeg,4032,3024,5506292
"IMG_1363.jpeg","Cardinal/2024/Commercial - Office-Retail/600 W 6th St",jpeg,4032,3024,5429640
"IMG_1375.jpeg","Cardinal/2024/Commercial - Office-Retail/600 W 6th St",jpeg,4032,3024,5032240
"IMG_1393.HEIC","Cardinal/2024/Commercial - Office-Retail/600 W 6th St",heic,4032,3024,2023632
"IMG_1385.HEIC","Cardinal/2024/Commercial - Office-Retail/600 W 6th St",heic,4032,3024,2082829
"IMG_1380.jpeg","Cardinal/2024/Commercial - Office-Retail/600 W 6th St",jpeg,4032,3024,5838840
"IMG_1396.jpeg","Cardinal/2024/Commercial - Office-Retail/600 W 6th St",jpeg,4032,3024,6018884
"IMG_1379.jpeg","Cardinal/2024/Commercial - Office-Retail/600 W 6th St",jpeg,4032,3024,5630227
"IMG_1370.HEIC","Cardinal/2024/Commercial - Office-Retail/600 W 6th St",heic,4032,3024,4584929
"2C7A26F2-604F-4536-A3C5-450703F8F8F4.jpeg","Cardinal/2024/Commercial - Office-Retail/600 W 6th St",jpeg,2550,3301,137971
"IMG_1366.HEIC","Cardinal/2024/Commercial - Office-Retail/600 W 6th St",heic,4032,3024,4735305
"IMG_1389.HEIC","Cardinal/2024/Commercial - Office-Retail/600 W 6th St",heic,4032,3024,2666313
"IMG_1382.MOV","Cardinal/2024/Commercial - Office-Retail/600 W 6th St",mov,1920,,54508129
"IMG_1394.HEIC","Cardinal/2024/Commercial - Office-Retail/600 W 6th St",heic,4032,3024,2319888
"IMG_1372.jpeg","Cardinal/2024/Commercial - Office-Retail/600 W 6th St",jpeg,4032,3024,4595740
"IMG_1364.jpeg","Cardinal/2024/Commercial - Office-Retail/600 W 6th St",jpeg,4032,3024,5050228
"IMG_1383.MOV","Cardinal/2024/Commercial - Office-Retail/600 W 6th St",mov,1920,,200051194
"IMG_1377.HEIC","Cardinal/2024/Commercial - Office-Retail/600 W 6th St",heic,4032,3024,3925291
"IMG_1387.jpeg","Cardinal/2024/Commercial - Office-Retail/600 W 6th St",jpeg,4032,3024,4225042
"IMG_1368.jpeg","Cardinal/2024/Commercial - Office-Retail/600 W 6th St",jpeg,4032,3024,5001535
"IMG_1386.jpeg","Cardinal/2024/Commercial - Office-Retail/600 W 6th St",jpeg,4032,3024,2241992
"IMG_1369.jpeg","Cardinal/2024/Commercial - Office-Retail/600 W 6th St",jpeg,4032,3024,5924609
"IMG_1390.jpeg","Cardinal/2024/Commercial - Office-Retail/600 W 6th St",jpeg,4032,3024,3564787
"IMG_1376.HEIC","Cardinal/2024/Commercial - Office-Retail/600 W 6th St",heic,4032,3024,4016419
"IMG_1391.MOV","Cardinal/2024/Commercial - Office-Retail/600 W 6th St",mov,1920,,214284263
"IMG_1365.jpeg","Cardinal/2024/Commercial - Office-Retail/600 W 6th St",jpeg,4032,3024,5307869
"IMG_1395.HEIC","Cardinal/2024/Commercial - Office-Retail/600 W 6th St",heic,4032,3024,2518855
"IMG_2376.jpeg","Cardinal/2024/Commercial - Office-Retail/600 W 6th - 4.20.24",jpeg,4032,3024,3223356
"IMG_2391(1).jpeg","Cardinal/2024/Commercial - Office-Retail/600 W 6th - 4.20.24",jpeg,4032,3024,3103453
"IMG_2386.HEIC","Cardinal/2024/Commercial - Office-Retail/600 W 6th - 4.20.24",heic,4032,3024,3181489
"IMG_2390.HEIC","Cardinal/2024/Commercial - Office-Retail/600 W 6th - 4.20.24",heic,4032,3024,2250506
"IMG_2383.jpeg","Cardinal/2024/Commercial - Office-Retail/600 W 6th - 4.20.24",jpeg,4032,3024,4710719
"IMG_2373.HEIC","Cardinal/2024/Commercial - Office-Retail/600 W 6th - 4.20.24",heic,4032,3024,3232974
"IMG_2372.HEIC","Cardinal/2024/Commercial - Office-Retail/600 W 6th - 4.20.24",heic,4032,3024,2470100
"IMG_2382.jpeg","Cardinal/2024/Commercial - Office-Retail/600 W 6th - 4.20.24",jpeg,4032,3024,4239330
"IMG_2394.jpeg","Cardinal/2024/Commercial - Office-Retail/600 W 6th - 4.20.24",jpeg,4032,3024,3224121
"IMG_2390(1).jpeg","Cardinal/2024/Commercial - Office-Retail/600 W 6th - 4.20.24",jpeg,4032,3024,3386152
"IMG_2391.HEIC","Cardinal/2024/Commercial - Office-Retail/600 W 6th - 4.20.24",heic,4032,3024,2088661
"IMG_2387.HEIC","Cardinal/2024/Commercial - Office-Retail/600 W 6th - 4.20.24",heic,4032,3024,2102370
"IMG_2377.jpeg","Cardinal/2024/Commercial - Office-Retail/600 W 6th - 4.20.24",jpeg,4032,3024,3293334
"IMG_2393.jpeg","Cardinal/2024/Commercial - Office-Retail/600 W 6th - 4.20.24",jpeg,4032,3024,3101766
"IMG_2394(1).HEIC","Cardinal/2024/Commercial - Office-Retail/600 W 6th - 4.20.24",heic,4032,3024,2049124
"IMG_2385.jpeg","Cardinal/2024/Commercial - Office-Retail/600 W 6th - 4.20.24",jpeg,4032,3024,3360615
"IMG_2375.HEIC","Cardinal/2024/Commercial - Office-Retail/600 W 6th - 4.20.24",heic,4032,3024,2648227
"IMG_2389.jpeg","Cardinal/2024/Commercial - Office-Retail/600 W 6th - 4.20.24",jpeg,4032,3024,4150875
"IMG_2392(1).jpeg","Cardinal/2024/Commercial - Office-Retail/600 W 6th - 4.20.24",jpeg,4032,3024,3923986
"IMG_2380.HEIC","Cardinal/2024/Commercial - Office-Retail/600 W 6th - 4.20.24",heic,4032,3024,1886802
"IMG_2379.HEIC","Cardinal/2024/Commercial - Office-Retail/600 W 6th - 4.20.24",heic,4032,3024,1795673
"IMG_2378.HEIC","Cardinal/2024/Commercial - Office-Retail/600 W 6th - 4.20.24",heic,4032,3024,2082134
"IMG_2381.HEIC","Cardinal/2024/Commercial - Office-Retail/600 W 6th - 4.20.24",heic,4032,3024,2647818
"IMG_2393(1).jpeg","Cardinal/2024/Commercial - Office-Retail/600 W 6th - 4.20.24",jpeg,4032,3024,3101766
"IMG_2388.jpeg","Cardinal/2024/Commercial - Office-Retail/600 W 6th - 4.20.24",jpeg,4032,3024,5064121
"IMG_2371.jpeg","Cardinal/2024/Commercial - Office-Retail/600 W 6th - 4.20.24",jpeg,4032,3024,4805062
"IMG_2374.HEIC","Cardinal/2024/Commercial - Office-Retail/600 W 6th - 4.20.24",heic,4032,3024,2652287
"IMG_2384.jpeg","Cardinal/2024/Commercial - Office-Retail/600 W 6th - 4.20.24",jpeg,4032,3024,4508041
"IMG_2392.jpeg","Cardinal/2024/Commercial - Office-Retail/600 W 6th - 4.20.24",jpeg,4032,3024,3923986
"IMG_2377.HEIC","Cardinal/2024/Commercial - Office-Retail/600 W 6th - 4.20.24",heic,4032,3024,1829727
"IMG_2387.jpeg","Cardinal/2024/Commercial - Office-Retail/600 W 6th - 4.20.24",jpeg,4032,3024,3686009
"IMG_2391.jpeg","Cardinal/2024/Commercial - Office-Retail/600 W 6th - 4.20.24",jpeg,4032,3024,3103453
"IMG_2390(1).HEIC","Cardinal/2024/Commercial - Office-Retail/600 W 6th - 4.20.24",heic,4032,3024,2250506
"IMG_2394.HEIC","Cardinal/2024/Commercial - Office-Retail/600 W 6th - 4.20.24",heic,4032,3024,2049124
"IMG_2382.HEIC","Cardinal/2024/Commercial - Office-Retail/600 W 6th - 4.20.24",heic,4032,3024,2572828
"IMG_2372.jpeg","Cardinal/2024/Commercial - Office-Retail/600 W 6th - 4.20.24",jpeg,4032,3024,4152182
"IMG_2373.jpeg","Cardinal/2024/Commercial - Office-Retail/600 W 6th - 4.20.24",jpeg,4032,3024,5059463
"IMG_2383.HEIC","Cardinal/2024/Commercial - Office-Retail/600 W 6th - 4.20.24",heic,4032,3024,2884771
"IMG_2390.jpeg","Cardinal/2024/Commercial - Office-Retail/600 W 6th - 4.20.24",jpeg,4032,3024,3386152
"IMG_2386.jpeg","Cardinal/2024/Commercial - Office-Retail/600 W 6th - 4.20.24",jpeg,4032,3024,4970094
"IMG_2376.HEIC","Cardinal/2024/Commercial - Office-Retail/600 W 6th - 4.20.24",heic,4032,3024,1695813
"IMG_2391(1).HEIC","Cardinal/2024/Commercial - Office-Retail/600 W 6th - 4.20.24",heic,4032,3024,2088661
"IMG_2392.HEIC","Cardinal/2024/Commercial - Office-Retail/600 W 6th - 4.20.24",heic,4032,3024,2315454
"IMG_2384.HEIC","Cardinal/2024/Commercial - Office-Retail/600 W 6th - 4.20.24",heic,4032,3024,2760963
"IMG_2374.jpeg","Cardinal/2024/Commercial - Office-Retail/600 W 6th - 4.20.24",jpeg,4032,3024,4484126
"IMG_2371.HEIC","Cardinal/2024/Commercial - Office-Retail/600 W 6th - 4.20.24",heic,4032,3024,3065581
"IMG_2388.HEIC","Cardinal/2024/Commercial - Office-Retail/600 W 6th - 4.20.24",heic,4032,3024,3443508
"IMG_2393(1).HEIC","Cardinal/2024/Commercial - Office-Retail/600 W 6th - 4.20.24",heic,4032,3024,1731929
"IMG_2381.jpeg","Cardinal/2024/Commercial - Office-Retail/600 W 6th - 4.20.24",jpeg,4032,3024,4328207
"IMG_2378.jpeg","Cardinal/2024/Commercial - Office-Retail/600 W 6th - 4.20.24",jpeg,4032,3024,3673308
"IMG_2379.jpeg","Cardinal/2024/Commercial - Office-Retail/600 W 6th - 4.20.24",jpeg,4032,3024,3263609
"IMG_2380.jpeg","Cardinal/2024/Commercial - Office-Retail/600 W 6th - 4.20.24",jpeg,4032,3024,3384271
"IMG_2389.HEIC","Cardinal/2024/Commercial - Office-Retail/600 W 6th - 4.20.24",heic,4032,3024,2777073
"IMG_2392(1).HEIC","Cardinal/2024/Commercial - Office-Retail/600 W 6th - 4.20.24",heic,4032,3024,2315454
"IMG_2375.jpeg","Cardinal/2024/Commercial - Office-Retail/600 W 6th - 4.20.24",jpeg,4032,3024,4564101
"IMG_2394(1).jpeg","Cardinal/2024/Commercial - Office-Retail/600 W 6th - 4.20.24",jpeg,4032,3024,3224121
"IMG_2385.HEIC","Cardinal/2024/Commercial - Office-Retail/600 W 6th - 4.20.24",heic,4032,3024,2127419
"IMG_2393.HEIC","Cardinal/2024/Commercial - Office-Retail/600 W 6th - 4.20.24",heic,4032,3024,1731929
"Daneel-Nortier-revised-2.png.bv.webp","Cardinal/2024",webp,1800,1553,576786
"IMG_3684.HEIC","Cardinal/2024/Residential/Pier and Beam/450 Angus Dr",heic,4032,3024,3727263
"IMG_3796.HEIC","Cardinal/2024/Residential/Pier and Beam/450 Angus Dr",heic,4032,3024,2948010
"IMG_3692.HEIC","Cardinal/2024/Residential/Pier and Beam/450 Angus Dr",heic,4032,3024,3992283
"IMG_3688.HEIC","Cardinal/2024/Residential/Pier and Beam/450 Angus Dr",heic,4032,3024,4024516
"IMG_3678.jpeg","Cardinal/2024/Residential/Pier and Beam/450 Angus Dr",jpeg,4032,3024,4215665
"IMG_3697.jpeg","Cardinal/2024/Residential/Pier and Beam/450 Angus Dr",jpeg,4032,3024,4296643
"IMG_3802.jpeg","Cardinal/2024/Residential/Pier and Beam/450 Angus Dr",jpeg,4032,3024,4142478
"IMG_3680.jpeg","Cardinal/2024/Residential/Pier and Beam/450 Angus Dr",jpeg,4032,3024,4574013
"IMG_3803.jpeg","Cardinal/2024/Residential/Pier and Beam/450 Angus Dr",jpeg,4032,3024,3497579
"IMG_3679.jpeg","Cardinal/2024/Residential/Pier and Beam/450 Angus Dr",jpeg,4032,3024,4260516
"IMG_3689.HEIC","Cardinal/2024/Residential/Pier and Beam/450 Angus Dr",heic,4032,3024,3116061
"IMG_3693.HEIC","Cardinal/2024/Residential/Pier and Beam/450 Angus Dr",heic,4032,3024,3783291
"IMG_3797.HEIC","Cardinal/2024/Residential/Pier and Beam/450 Angus Dr",heic,4032,3024,3139593
"IMG_3685.HEIC","Cardinal/2024/Residential/Pier and Beam/450 Angus Dr",heic,4032,3024,4185741
"IMG_3698.HEIC","Cardinal/2024/Residential/Pier and Beam/450 Angus Dr",heic,4032,3024,2345754
"IMG_3677.HEIC","Cardinal/2024/Residential/Pier and Beam/450 Angus Dr",heic,4032,3024,3200413
"IMG_3691.jpeg","Cardinal/2024/Residential/Pier and Beam/450 Angus Dr",jpeg,4032,3024,5099087
"IMG_3804.jpeg","Cardinal/2024/Residential/Pier and Beam/450 Angus Dr",jpeg,4032,3024,4626655
"IMG_3795.jpeg","Cardinal/2024/Residential/Pier and Beam/450 Angus Dr",jpeg,4032,3024,4532762
"IMG_3687.jpeg","Cardinal/2024/Residential/Pier and Beam/450 Angus Dr",jpeg,4032,3024,3924386
"IMG_3682.HEIC","Cardinal/2024/Residential/Pier and Beam/450 Angus Dr",heic,4032,3024,3073857
"IMG_3694.HEIC","Cardinal/2024/Residential/Pier and Beam/450 Angus Dr",heic,4032,3024,3806561
"IMG_3801.HEIC","Cardinal/2024/Residential/Pier and Beam/450 Angus Dr",heic,4032,3024,3632399
"IMG_3798.jpeg","Cardinal/2024/Residential/Pier and Beam/450 Angus Dr",jpeg,4032,3024,5858075
"74827262681__B3E707CA-737F-41FA-BB74-EC9B9287DE5F.jpeg","Cardinal/2024/Residential/Pier and Beam/450 Angus Dr",jpeg,4032,3024,5568593
"IMG_3800.HEIC","Cardinal/2024/Residential/Pier and Beam/450 Angus Dr",heic,4032,3024,2548080
"IMG_3683.HEIC","Cardinal/2024/Residential/Pier and Beam/450 Angus Dr",heic,4032,3024,3296054
"IMG_3686.jpeg","Cardinal/2024/Residential/Pier and Beam/450 Angus Dr",jpeg,4032,3024,4118177
"748271561.jpg","Cardinal/2024/Residential/Pier and Beam/450 Angus Dr",jpg,960,1280,676449
"IMG_3805.jpeg","Cardinal/2024/Residential/Pier and Beam/450 Angus Dr",jpeg,4032,3024,4903345
"IMG_3690.jpeg","Cardinal/2024/Residential/Pier and Beam/450 Angus Dr",jpeg,4032,3024,4774173
"IMG_3676.HEIC","Cardinal/2024/Residential/Pier and Beam/450 Angus Dr",heic,4032,3024,3270887
"748271574.jpg","Cardinal/2024/Residential/Pier and Beam/450 Angus Dr",jpg,960,1280,686572
"IMG_3685.jpeg","Cardinal/2024/Residential/Pier and Beam/450 Angus Dr",jpeg,4032,3024,5866310
"IMG_3797.jpeg","Cardinal/2024/Residential/Pier and Beam/450 Angus Dr",jpeg,4032,3024,4685424
"IMG_3693.jpeg","Cardinal/2024/Residential/Pier and Beam/450 Angus Dr",jpeg,4032,3024,5454359
"IMG_3695.MOV","Cardinal/2024/Residential/Pier and Beam/450 Angus Dr",mov,1920,,83550479
"IMG_3689.jpeg","Cardinal/2024/Residential/Pier and Beam/450 Angus Dr",jpeg,4032,3024,4635571
"IMG_3803.HEIC","Cardinal/2024/Residential/Pier and Beam/450 Angus Dr",heic,4032,3024,2426656
"IMG_3679.HEIC","Cardinal/2024/Residential/Pier and Beam/450 Angus Dr",heic,4032,3024,2868585
"IMG_3696.HEIC","Cardinal/2024/Residential/Pier and Beam/450 Angus Dr",heic,4032,3024,3370749
"IMG_3680.HEIC","Cardinal/2024/Residential/Pier and Beam/450 Angus Dr",heic,4032,3024,3162249
"IMG_3681.HEIC","Cardinal/2024/Residential/Pier and Beam/450 Angus Dr",heic,4032,3024,3514617
"IMG_3678.HEIC","Cardinal/2024/Residential/Pier and Beam/450 Angus Dr",heic,4032,3024,2798334
"IMG_3697.HEIC","Cardinal/2024/Residential/Pier and Beam/450 Angus Dr",heic,4032,3024,2887566
"IMG_3802.HEIC","Cardinal/2024/Residential/Pier and Beam/450 Angus Dr",heic,4032,3024,2884544
"IMG_3692.jpeg","Cardinal/2024/Residential/Pier and Beam/450 Angus Dr",jpeg,4032,3024,5656378
"IMG_3796.jpeg","Cardinal/2024/Residential/Pier and Beam/450 Angus Dr",jpeg,4032,3024,4254536
"IMG_3684.jpeg","Cardinal/2024/Residential/Pier and Beam/450 Angus Dr",jpeg,4032,3024,5372864
"IMG_3676.jpeg","Cardinal/2024/Residential/Pier and Beam/450 Angus Dr",jpeg,4032,3024,4798653
"IMG_3805.HEIC","Cardinal/2024/Residential/Pier and Beam/450 Angus Dr",heic,4032,3024,3355317
"IMG_3690.HEIC","Cardinal/2024/Residential/Pier and Beam/450 Angus Dr",heic,4032,3024,3228041
"IMG_3686.HEIC","Cardinal/2024/Residential/Pier and Beam/450 Angus Dr",heic,4032,3024,2645122
"IMG_3683.jpeg","Cardinal/2024/Residential/Pier and Beam/450 Angus Dr",jpeg,4032,3024,4787860
"IMG_3678.jpeg","Cardinal/2024/Residential/Pier and Beam/450 Angus Dr/Jpeg",jpeg,4032,3024,4215665
"IMG_3697.jpeg","Cardinal/2024/Residential/Pier and Beam/450 Angus Dr/Jpeg",jpeg,4032,3024,4296643
"IMG_3802.jpeg","Cardinal/2024/Residential/Pier and Beam/450 Angus Dr/Jpeg",jpeg,4032,3024,4142478
"IMG_3680.jpeg","Cardinal/2024/Residential/Pier and Beam/450 Angus Dr/Jpeg",jpeg,4032,3024,4574013
"IMG_3803.jpeg","Cardinal/2024/Residential/Pier and Beam/450 Angus Dr/Jpeg",jpeg,4032,3024,3497579
"IMG_3679.jpeg","Cardinal/2024/Residential/Pier and Beam/450 Angus Dr/Jpeg",jpeg,4032,3024,4260516
"IMG_3691.jpeg","Cardinal/2024/Residential/Pier and Beam/450 Angus Dr/Jpeg",jpeg,4032,3024,5099087
"IMG_3804.jpeg","Cardinal/2024/Residential/Pier and Beam/450 Angus Dr/Jpeg",jpeg,4032,3024,4626655
"IMG_3795.jpeg","Cardinal/2024/Residential/Pier and Beam/450 Angus Dr/Jpeg",jpeg,4032,3024,4532762
"IMG_3687.jpeg","Cardinal/2024/Residential/Pier and Beam/450 Angus Dr/Jpeg",jpeg,4032,3024,3924386
"IMG_3798.jpeg","Cardinal/2024/Residential/Pier and Beam/450 Angus Dr/Jpeg",jpeg,4032,3024,5858075
"74827262681__B3E707CA-737F-41FA-BB74-EC9B9287DE5F.jpeg","Cardinal/2024/Residential/Pier and Beam/450 Angus Dr/Jpeg",jpeg,4032,3024,5568593
"IMG_3686.jpeg","Cardinal/2024/Residential/Pier and Beam/450 Angus Dr/Jpeg",jpeg,4032,3024,4118177
"IMG_3805.jpeg","Cardinal/2024/Residential/Pier and Beam/450 Angus Dr/Jpeg",jpeg,4032,3024,4903345
"IMG_3690.jpeg","Cardinal/2024/Residential/Pier and Beam/450 Angus Dr/Jpeg",jpeg,4032,3024,4774173
"IMG_3685.jpeg","Cardinal/2024/Residential/Pier and Beam/450 Angus Dr/Jpeg",jpeg,4032,3024,5866310
"IMG_3797.jpeg","Cardinal/2024/Residential/Pier and Beam/450 Angus Dr/Jpeg",jpeg,4032,3024,4685424
"IMG_3693.jpeg","Cardinal/2024/Residential/Pier and Beam/450 Angus Dr/Jpeg",jpeg,4032,3024,5454359
"IMG_3689.jpeg","Cardinal/2024/Residential/Pier and Beam/450 Angus Dr/Jpeg",jpeg,4032,3024,4635571
"IMG_3692.jpeg","Cardinal/2024/Residential/Pier and Beam/450 Angus Dr/Jpeg",jpeg,4032,3024,5656378
"IMG_3796.jpeg","Cardinal/2024/Residential/Pier and Beam/450 Angus Dr/Jpeg",jpeg,4032,3024,4254536
"IMG_3684.jpeg","Cardinal/2024/Residential/Pier and Beam/450 Angus Dr/Jpeg",jpeg,4032,3024,5372864
"IMG_3676.jpeg","Cardinal/2024/Residential/Pier and Beam/450 Angus Dr/Jpeg",jpeg,4032,3024,4798653
"IMG_3683.jpeg","Cardinal/2024/Residential/Pier and Beam/450 Angus Dr/Jpeg",jpeg,4032,3024,4787860
"IMG_3800.jpeg","Cardinal/2024/Residential/Pier and Beam/450 Angus Dr/Jpeg",jpeg,4032,3024,3866004
"IMG_3694.jpeg","Cardinal/2024/Residential/Pier and Beam/450 Angus Dr/Jpeg",jpeg,4032,3024,5487656
"IMG_3801.jpeg","Cardinal/2024/Residential/Pier and Beam/450 Angus Dr/Jpeg",jpeg,4032,3024,5177412
"IMG_3682.jpeg","Cardinal/2024/Residential/Pier and Beam/450 Angus Dr/Jpeg",jpeg,4032,3024,4528729
"IMG_3698.jpeg","Cardinal/2024/Residential/Pier and Beam/450 Angus Dr/Jpeg",jpeg,4032,3024,3626826
"IMG_3677.jpeg","Cardinal/2024/Residential/Pier and Beam/450 Angus Dr/Jpeg",jpeg,4032,3024,4617019
"IMG_3800.jpeg","Cardinal/2024/Residential/Pier and Beam/450 Angus Dr",jpeg,4032,3024,3866004
"748272617.jpg","Cardinal/2024/Residential/Pier and Beam/450 Angus Dr",jpg,768,1024,445431
"IMG_3798.HEIC","Cardinal/2024/Residential/Pier and Beam/450 Angus Dr",heic,4032,3024,4115347
"74827262681__B3E707CA-737F-41FA-BB74-EC9B9287DE5F.HEIC","Cardinal/2024/Residential/Pier and Beam/450 Angus Dr",heic,4032,3024,4060448
"IMG_3799.HEIC","Cardinal/2024/Residential/Pier and Beam/450 Angus Dr",heic,4032,3024,3128149
"IMG_3694.jpeg","Cardinal/2024/Residential/Pier and Beam/450 Angus Dr",jpeg,4032,3024,5487656
"IMG_3801.jpeg","Cardinal/2024/Residential/Pier and Beam/450 Angus Dr",jpeg,4032,3024,5177412
"IMG_3682.jpeg","Cardinal/2024/Residential/Pier and Beam/450 Angus Dr",jpeg,4032,3024,4528729
"IMG_3687.HEIC","Cardinal/2024/Residential/Pier and Beam/450 Angus Dr",heic,4032,3024,2458717
"IMG_3795.HEIC","Cardinal/2024/Residential/Pier and Beam/450 Angus Dr",heic,4032,3024,3055920
"IMG_3691.HEIC","Cardinal/2024/Residential/Pier and Beam/450 Angus Dr",heic,4032,3024,3463011
"IMG_3804.HEIC","Cardinal/2024/Residential/Pier and Beam/450 Angus Dr",heic,4032,3024,3215222
"IMG_3698.jpeg","Cardinal/2024/Residential/Pier and Beam/450 Angus Dr",jpeg,4032,3024,3626826
"IMG_3677.jpeg","Cardinal/2024/Residential/Pier and Beam/450 Angus Dr",jpeg,4032,3024,4617019
"IMG_4631.jpeg","Cardinal/2024/Residential/Pier and Beam/2210 Shady Creek Dr",jpeg,4032,3024,2828017
"IMG_4618.heic","Cardinal/2024/Residential/Pier and Beam/2210 Shady Creek Dr",heic,4032,3024,3649913
"IMG_4619.heic","Cardinal/2024/Residential/Pier and Beam/2210 Shady Creek Dr",heic,4032,3024,2950537
"IMG_4630.jpeg","Cardinal/2024/Residential/Pier and Beam/2210 Shady Creek Dr",jpeg,4032,3024,2850853
"IMG_4626.jpeg","Cardinal/2024/Residential/Pier and Beam/2210 Shady Creek Dr",jpeg,4032,3024,2743781
"IMG_4624.heic","Cardinal/2024/Residential/Pier and Beam/2210 Shady Creek Dr",heic,4032,3024,2021759
"IMG_4620.jpeg","Cardinal/2024/Residential/Pier and Beam/2210 Shady Creek Dr",jpeg,4032,3024,4749153
"IMG_4625.heic","Cardinal/2024/Residential/Pier and Beam/2210 Shady Creek Dr",heic,4032,3024,1871931
"IMG_4626.heic","Cardinal/2024/Residential/Pier and Beam/2210 Shady Creek Dr",heic,4032,3024,2127895
"IMG_4630.heic","Cardinal/2024/Residential/Pier and Beam/2210 Shady Creek Dr",heic,4032,3024,2237874
"IMG_4619.jpeg","Cardinal/2024/Residential/Pier and Beam/2210 Shady Creek Dr",jpeg,4032,3024,4191610
"IMG_4618.jpeg","Cardinal/2024/Residential/Pier and Beam/2210 Shady Creek Dr",jpeg,4032,3024,4773316
"IMG_4631.heic","Cardinal/2024/Residential/Pier and Beam/2210 Shady Creek Dr",heic,4032,3024,2109098
"IMG_4625.jpeg","Cardinal/2024/Residential/Pier and Beam/2210 Shady Creek Dr",jpeg,4032,3024,2460062
"IMG_4620.heic","Cardinal/2024/Residential/Pier and Beam/2210 Shady Creek Dr",heic,4032,3024,3638031
"IMG_4624.jpeg","Cardinal/2024/Residential/Pier and Beam/2210 Shady Creek Dr",jpeg,4032,3024,2587566
"image000006 2.jpeg","Cardinal/2024/Residential/Pier and Beam/1925 5th Ave",jpeg,522,1130,181992
"image000006.heic","Cardinal/2024/Residential/Pier and Beam/1925 5th Ave",heic,522,1130,115940
"image000001(1).heic","Cardinal/2024/Residential/Pier and Beam/1925 5th Ave",heic,522,1130,93638
"image000004 3.jpeg","Cardinal/2024/Residential/Pier and Beam/1925 5th Ave",jpeg,522,1130,184200
"74465548017__79F56FF6-1271-4248-BD4E-AA529ED3F08B.HEIC","Cardinal/2024/Residential/Pier and Beam/1925 5th Ave",heic,4032,3024,3645804
"74464090311__DFBF6E16-28EA-4467-80FB-43FB91EBB505.HEIC","Cardinal/2024/Residential/Pier and Beam/1925 5th Ave",heic,4032,3024,2520637
"image000004 2.jpeg","Cardinal/2024/Residential/Pier and Beam/1925 5th Ave",jpeg,522,1130,190597
"image000007.heic","Cardinal/2024/Residential/Pier and Beam/1925 5th Ave",heic,522,1130,121205
"image000006 3.jpeg","Cardinal/2024/Residential/Pier and Beam/1925 5th Ave",jpeg,522,1130,173644
"image000005(1) 2.jpeg","Cardinal/2024/Residential/Pier and Beam/1925 5th Ave",jpeg,522,1130,151623
"image000005.jpeg","Cardinal/2024/Residential/Pier and Beam/1925 5th Ave",jpeg,522,1130,181376
"image000000.heic","Cardinal/2024/Residential/Pier and Beam/1925 5th Ave",heic,522,1130,100805
"image000000 2.jpeg","Cardinal/2024/Residential/Pier and Beam/1925 5th Ave",jpeg,522,1130,159455
"image000009.jpeg","Cardinal/2024/Residential/Pier and Beam/1925 5th Ave",jpeg,522,1130,192814
"image000000 3.jpeg","Cardinal/2024/Residential/Pier and Beam/1925 5th Ave",jpeg,522,1130,152531
"image000001.heic","Cardinal/2024/Residential/Pier and Beam/1925 5th Ave",heic,522,1130,134246
"image000004.jpeg","Cardinal/2024/Residential/Pier and Beam/1925 5th Ave",jpeg,522,1130,190597
"74464021142__A713BF4D-2002-408C-A506-ED78FDA4960B.jpeg","Cardinal/2024/Residential/Pier and Beam/1925 5th Ave",jpeg,4032,3024,3632802
"image000005(1) 3.jpeg","Cardinal/2024/Residential/Pier and Beam/1925 5th Ave",jpeg,522,1130,145124
"image000005(1).jpeg","Cardinal/2024/Residential/Pier and Beam/1925 5th Ave",jpeg,522,1130,151623
"image000007.jpeg","Cardinal/2024/Residential/Pier and Beam/1925 5th Ave",jpeg,522,1130,185696
"74464090311__DFBF6E16-28EA-4467-80FB-43FB91EBB505.jpeg","Cardinal/2024/Residential/Pier and Beam/1925 5th Ave",jpeg,4032,3024,3502336
"image000005 3.jpeg","Cardinal/2024/Residential/Pier and Beam/1925 5th Ave",jpeg,522,1130,173824
"image000009 3.jpeg","Cardinal/2024/Residential/Pier and Beam/1925 5th Ave",jpeg,522,1130,185432
"74465548017__79F56FF6-1271-4248-BD4E-AA529ED3F08B.jpeg","Cardinal/2024/Residential/Pier and Beam/1925 5th Ave",jpeg,4032,3024,4874546
"image000007 2.jpeg","Cardinal/2024/Residential/Pier and Beam/1925 5th Ave",jpeg,522,1130,185696
"image000007 3.jpeg","Cardinal/2024/Residential/Pier and Beam/1925 5th Ave",jpeg,522,1130,178621
"image000009 2.jpeg","Cardinal/2024/Residential/Pier and Beam/1925 5th Ave",jpeg,522,1130,192814
"image000005 2.jpeg","Cardinal/2024/Residential/Pier and Beam/1925 5th Ave",jpeg,522,1130,181376
"image000001(1).jpeg","Cardinal/2024/Residential/Pier and Beam/1925 5th Ave",jpeg,522,1130,155073
"image000006.jpeg","Cardinal/2024/Residential/Pier and Beam/1925 5th Ave",jpeg,522,1130,181992
"image000001 2.jpeg","Cardinal/2024/Residential/Pier and Beam/1925 5th Ave",jpeg,522,1130,202217
"image000005(1).heic","Cardinal/2024/Residential/Pier and Beam/1925 5th Ave",heic,522,1130,99043
"74464021142__A713BF4D-2002-408C-A506-ED78FDA4960B.HEIC","Cardinal/2024/Residential/Pier and Beam/1925 5th Ave",heic,4032,3024,2618039
"image000004.heic","Cardinal/2024/Residential/Pier and Beam/1925 5th Ave",heic,522,1130,128743
"image000001.jpeg","Cardinal/2024/Residential/Pier and Beam/1925 5th Ave",jpeg,522,1130,202217
"image000001(1) 3.jpeg","Cardinal/2024/Residential/Pier and Beam/1925 5th Ave",jpeg,522,1130,147901
"image000009.heic","Cardinal/2024/Residential/Pier and Beam/1925 5th Ave",heic,522,1130,127797
"image000001(1) 2.jpeg","Cardinal/2024/Residential/Pier and Beam/1925 5th Ave",jpeg,522,1130,155073
"image000000.jpeg","Cardinal/2024/Residential/Pier and Beam/1925 5th Ave",jpeg,522,1130,159455
"image000005.heic","Cardinal/2024/Residential/Pier and Beam/1925 5th Ave",heic,522,1130,118796
"image000001 3.jpeg","Cardinal/2024/Residential/Pier and Beam/1925 5th Ave",jpeg,522,1130,194613
"IMG_3811.HEIC","Cardinal/2024/Residential/Post Tension Cable/1901 Deepdale Dr",heic,4032,3024,2887854
"IMG_3822.jpeg","Cardinal/2024/Residential/Post Tension Cable/1901 Deepdale Dr",jpeg,4032,3024,4687160
"IMG_3850.HEIC","Cardinal/2024/Residential/Post Tension Cable/1901 Deepdale Dr",heic,4032,3024,4378373
"IMG_3859.jpeg","Cardinal/2024/Residential/Post Tension Cable/1901 Deepdale Dr",jpeg,4032,3024,3139121
"IMG_3827.MOV","Cardinal/2024/Residential/Post Tension Cable/1901 Deepdale Dr",mov,1920,,72584893
"IMG_3819.MOV","Cardinal/2024/Residential/Post Tension Cable/1901 Deepdale Dr",mov,1920,,11237422
"IMG_3825.MOV","Cardinal/2024/Residential/Post Tension Cable/1901 Deepdale Dr",mov,1920,,45739967
"IMG_1757.jpeg","Cardinal/2024/Residential/Post Tension Cable/1901 Deepdale Dr",jpeg,4032,3024,4834484
"IMG_3824.MOV","Cardinal/2024/Residential/Post Tension Cable/1901 Deepdale Dr",mov,1920,,38456182
"IMG_3818.MOV","Cardinal/2024/Residential/Post Tension Cable/1901 Deepdale Dr",mov,1920,,74880011
"IMG_3855.jpeg","Cardinal/2024/Residential/Post Tension Cable/1901 Deepdale Dr",jpeg,4032,3024,6076611
"IMG_3831.HEIC","Cardinal/2024/Residential/Post Tension Cable/1901 Deepdale Dr",heic,4032,3024,4781898
"IMG_3843.jpeg","Cardinal/2024/Residential/Post Tension Cable/1901 Deepdale Dr",jpeg,4032,3024,3323141
"IMG_3830.HEIC","Cardinal/2024/Residential/Post Tension Cable/1901 Deepdale Dr",heic,4032,3024,1784808
"IMG_3854.jpeg","Cardinal/2024/Residential/Post Tension Cable/1901 Deepdale Dr",jpeg,4032,3024,4106123
"IMG_1756.jpeg","Cardinal/2024/Residential/Post Tension Cable/1901 Deepdale Dr",jpeg,4032,3024,4845428
"IMG_3839.jpeg","Cardinal/2024/Residential/Post Tension Cable/1901 Deepdale Dr",jpeg,4032,3024,3740984
"IMG_3837.MOV","Cardinal/2024/Residential/Post Tension Cable/1901 Deepdale Dr",mov,1920,,32068356
"IMG_0632.jpeg","Cardinal/2024/Residential/Post Tension Cable/1901 Deepdale Dr",jpeg,4032,3024,2898735
"IMG_3858.jpeg","Cardinal/2024/Residential/Post Tension Cable/1901 Deepdale Dr",jpeg,4032,3024,3349665
"IMG_3851.HEIC","Cardinal/2024/Residential/Post Tension Cable/1901 Deepdale Dr",heic,4032,3024,3800725
"IMG_3823.jpeg","Cardinal/2024/Residential/Post Tension Cable/1901 Deepdale Dr",jpeg,4032,3024,3306406
"IMG_3836.MOV","Cardinal/2024/Residential/Post Tension Cable/1901 Deepdale Dr",mov,1920,,20511118
"IMG_3835.jpeg","Cardinal/2024/Residential/Post Tension Cable/1901 Deepdale Dr",jpeg,4032,3024,5161141
"IMG_3810.HEIC","Cardinal/2024/Residential/Post Tension Cable/1901 Deepdale Dr",heic,4032,3024,4055182
"IMG_1758.heic","Cardinal/2024/Residential/Post Tension Cable/1901 Deepdale Dr",heic,4032,3024,3662800
"IMG_3828.jpeg","Cardinal/2024/Residential/Post Tension Cable/1901 Deepdale Dr",jpeg,4032,3024,5812942
"IMG_3821.HEIC","Cardinal/2024/Residential/Post Tension Cable/1901 Deepdale Dr",heic,4032,3024,3729622
"IMG_3860.HEIC","Cardinal/2024/Residential/Post Tension Cable/1901 Deepdale Dr",heic,4032,3024,2076846
"IMG_3817.HEIC","Cardinal/2024/Residential/Post Tension Cable/1901 Deepdale Dr",heic,4032,3024,3957771
"IMG_3840.HEIC","Cardinal/2024/Residential/Post Tension Cable/1901 Deepdale Dr",heic,4032,3024,2089339
"IMG_3856.HEIC","Cardinal/2024/Residential/Post Tension Cable/1901 Deepdale Dr",heic,4032,3024,2843068
"IMG_3857.HEIC","Cardinal/2024/Residential/Post Tension Cable/1901 Deepdale Dr",heic,4032,3024,2156359
"IMG_3833.jpeg","Cardinal/2024/Residential/Post Tension Cable/1901 Deepdale Dr",jpeg,4032,3024,6682580
"IMG_3816.HEIC","Cardinal/2024/Residential/Post Tension Cable/1901 Deepdale Dr",heic,4032,3024,4678748
"IMG_3844.jpeg","Cardinal/2024/Residential/Post Tension Cable/1901 Deepdale Dr",jpeg,4032,3024,3379017
"IMG_3810.jpeg","Cardinal/2024/Residential/Post Tension Cable/1901 Deepdale Dr",jpeg,4032,3024,5705474
"IMG_3835.HEIC","Cardinal/2024/Residential/Post Tension Cable/1901 Deepdale Dr",heic,4032,3024,3664266
"IMG_3851.jpeg","Cardinal/2024/Residential/Post Tension Cable/1901 Deepdale Dr",jpeg,4032,3024,5361393
"IMG_3823.HEIC","Cardinal/2024/Residential/Post Tension Cable/1901 Deepdale Dr",heic,4032,3024,1816818
"IMG_0632.HEIC","Cardinal/2024/Residential/Post Tension Cable/1901 Deepdale Dr",heic,4032,3024,1668033
"IMG_3858.HEIC","Cardinal/2024/Residential/Post Tension Cable/1901 Deepdale Dr",heic,4032,3024,2017898
"IMG_3839.HEIC","Cardinal/2024/Residential/Post Tension Cable/1901 Deepdale Dr",heic,4032,3024,1955205
"IMG_3854.HEIC","Cardinal/2024/Residential/Post Tension Cable/1901 Deepdale Dr",heic,4032,3024,2631139
"IMG_1756.heic","Cardinal/2024/Residential/Post Tension Cable/1901 Deepdale Dr",heic,4032,3024,3433597
"IMG_3830.jpeg","Cardinal/2024/Residential/Post Tension Cable/1901 Deepdale Dr",jpeg,4032,3024,2915291
"IMG_3831.jpeg","Cardinal/2024/Residential/Post Tension Cable/1901 Deepdale Dr",jpeg,4032,3024,6646118
"IMG_3843.HEIC","Cardinal/2024/Residential/Post Tension Cable/1901 Deepdale Dr",heic,4032,3024,2076325
"IMG_1757.heic","Cardinal/2024/Residential/Post Tension Cable/1901 Deepdale Dr",heic,4032,3024,3618810
"IMG_3855.HEIC","Cardinal/2024/Residential/Post Tension Cable/1901 Deepdale Dr",heic,4032,3024,4254806
"IMG_3859.HEIC","Cardinal/2024/Residential/Post Tension Cable/1901 Deepdale Dr",heic,4032,3024,1903788
"IMG_3822.HEIC","Cardinal/2024/Residential/Post Tension Cable/1901 Deepdale Dr",heic,4032,3024,3093805
"IMG_3850.jpeg","Cardinal/2024/Residential/Post Tension Cable/1901 Deepdale Dr",jpeg,4032,3024,6311748
"IMG_3848.MOV","Cardinal/2024/Residential/Post Tension Cable/1901 Deepdale Dr",mov,1920,,11888134
"IMG_3811.jpeg","Cardinal/2024/Residential/Post Tension Cable/1901 Deepdale Dr",jpeg,4032,3024,4306743
"IMG_3844.HEIC","Cardinal/2024/Residential/Post Tension Cable/1901 Deepdale Dr",heic,4032,3024,2069005
"IMG_3816.jpeg","Cardinal/2024/Residential/Post Tension Cable/1901 Deepdale Dr",jpeg,4032,3024,6556166
"IMG_3833.HEIC","Cardinal/2024/Residential/Post Tension Cable/1901 Deepdale Dr",heic,4032,3024,4895871
"IMG_3857.jpeg","Cardinal/2024/Residential/Post Tension Cable/1901 Deepdale Dr",jpeg,4032,3024,3544059
"IMG_3838.MOV","Cardinal/2024/Residential/Post Tension Cable/1901 Deepdale Dr",mov,1920,,21102344
"IMG_3822.jpeg","Cardinal/2024/Residential/Post Tension Cable/1901 Deepdale Dr/Jpeg",jpeg,4032,3024,4687160
"IMG_3859.jpeg","Cardinal/2024/Residential/Post Tension Cable/1901 Deepdale Dr/Jpeg",jpeg,4032,3024,3139121
"IMG_1757.jpeg","Cardinal/2024/Residential/Post Tension Cable/1901 Deepdale Dr/Jpeg",jpeg,4032,3024,4834484
"IMG_3855.jpeg","Cardinal/2024/Residential/Post Tension Cable/1901 Deepdale Dr/Jpeg",jpeg,4032,3024,6076611
"IMG_3843.jpeg","Cardinal/2024/Residential/Post Tension Cable/1901 Deepdale Dr/Jpeg",jpeg,4032,3024,3323141
"IMG_3854.jpeg","Cardinal/2024/Residential/Post Tension Cable/1901 Deepdale Dr/Jpeg",jpeg,4032,3024,4106123
"IMG_1756.jpeg","Cardinal/2024/Residential/Post Tension Cable/1901 Deepdale Dr/Jpeg",jpeg,4032,3024,4845428
"IMG_3839.jpeg","Cardinal/2024/Residential/Post Tension Cable/1901 Deepdale Dr/Jpeg",jpeg,4032,3024,3740984
"IMG_0632.jpeg","Cardinal/2024/Residential/Post Tension Cable/1901 Deepdale Dr/Jpeg",jpeg,4032,3024,2898735
"IMG_3858.jpeg","Cardinal/2024/Residential/Post Tension Cable/1901 Deepdale Dr/Jpeg",jpeg,4032,3024,3349665
"IMG_3823.jpeg","Cardinal/2024/Residential/Post Tension Cable/1901 Deepdale Dr/Jpeg",jpeg,4032,3024,3306406
"IMG_3835.jpeg","Cardinal/2024/Residential/Post Tension Cable/1901 Deepdale Dr/Jpeg",jpeg,4032,3024,5161141
"IMG_3828.jpeg","Cardinal/2024/Residential/Post Tension Cable/1901 Deepdale Dr/Jpeg",jpeg,4032,3024,5812942
"IMG_3833.jpeg","Cardinal/2024/Residential/Post Tension Cable/1901 Deepdale Dr/Jpeg",jpeg,4032,3024,6682580
"IMG_3844.jpeg","Cardinal/2024/Residential/Post Tension Cable/1901 Deepdale Dr/Jpeg",jpeg,4032,3024,3379017
"IMG_3810.jpeg","Cardinal/2024/Residential/Post Tension Cable/1901 Deepdale Dr/Jpeg",jpeg,4032,3024,5705474
"IMG_3851.jpeg","Cardinal/2024/Residential/Post Tension Cable/1901 Deepdale Dr/Jpeg",jpeg,4032,3024,5361393
"IMG_3830.jpeg","Cardinal/2024/Residential/Post Tension Cable/1901 Deepdale Dr/Jpeg",jpeg,4032,3024,2915291
"IMG_3831.jpeg","Cardinal/2024/Residential/Post Tension Cable/1901 Deepdale Dr/Jpeg",jpeg,4032,3024,6646118
"IMG_3850.jpeg","Cardinal/2024/Residential/Post Tension Cable/1901 Deepdale Dr/Jpeg",jpeg,4032,3024,6311748
"IMG_3811.jpeg","Cardinal/2024/Residential/Post Tension Cable/1901 Deepdale Dr/Jpeg",jpeg,4032,3024,4306743
"IMG_3816.jpeg","Cardinal/2024/Residential/Post Tension Cable/1901 Deepdale Dr/Jpeg",jpeg,4032,3024,6556166
"IMG_3857.jpeg","Cardinal/2024/Residential/Post Tension Cable/1901 Deepdale Dr/Jpeg",jpeg,4032,3024,3544059
"IMG_3856.jpeg","Cardinal/2024/Residential/Post Tension Cable/1901 Deepdale Dr/Jpeg",jpeg,4032,3024,4448700
"IMG_3840.jpeg","Cardinal/2024/Residential/Post Tension Cable/1901 Deepdale Dr/Jpeg",jpeg,4032,3024,3468236
"IMG_3817.jpeg","Cardinal/2024/Residential/Post Tension Cable/1901 Deepdale Dr/Jpeg",jpeg,4032,3024,5639191
"IMG_3821.jpeg","Cardinal/2024/Residential/Post Tension Cable/1901 Deepdale Dr/Jpeg",jpeg,4032,3024,5426570
"IMG_1758.jpeg","Cardinal/2024/Residential/Post Tension Cable/1901 Deepdale Dr/Jpeg",jpeg,4032,3024,4940676
"IMG_3856.jpeg","Cardinal/2024/Residential/Post Tension Cable/1901 Deepdale Dr",jpeg,4032,3024,4448700
"IMG_3814.MOV","Cardinal/2024/Residential/Post Tension Cable/1901 Deepdale Dr",mov,1920,,10584620
"IMG_3840.jpeg","Cardinal/2024/Residential/Post Tension Cable/1901 Deepdale Dr",jpeg,4032,3024,3468236
"IMG_3817.jpeg","Cardinal/2024/Residential/Post Tension Cable/1901 Deepdale Dr",jpeg,4032,3024,5639191
"IMG_3821.jpeg","Cardinal/2024/Residential/Post Tension Cable/1901 Deepdale Dr",jpeg,4032,3024,5426570
"IMG_1758.jpeg","Cardinal/2024/Residential/Post Tension Cable/1901 Deepdale Dr",jpeg,4032,3024,4940676
"IMG_3828.HEIC","Cardinal/2024/Residential/Post Tension Cable/1901 Deepdale Dr",heic,4032,3024,4030465
"74455451053__D0F48437-A21A-4505-AFC6-04FC1F056A56.MOV","Cardinal/2024/Residential/Post Tension Cable/2005 Kelly Rd",mov,1920,,3629293
"74455869925__5BFE0704-14AF-4DB4-8548-392288AE68AB.heic","Cardinal/2024/Residential/Post Tension Cable/2005 Kelly Rd",heic,4032,3024,2737376
"74455397446__C37DB4E2-A8BF-4232-9E0D-C214A8FF548B.jpeg","Cardinal/2024/Residential/Post Tension Cable/2005 Kelly Rd",jpeg,4032,3024,4285435
"74455894097__6268667F-886A-4756-80AB-DAB474C6272B.heic","Cardinal/2024/Residential/Post Tension Cable/2005 Kelly Rd",heic,4032,3024,2303585
"74455772043__B90EC54F-BFC4-4756-86C4-9A1289639370.heic","Cardinal/2024/Residential/Post Tension Cable/2005 Kelly Rd",heic,4032,3024,2791798
"74455895101__B3B1FCAE-C202-4AE3-BEED-A2D0520C1A16.heic","Cardinal/2024/Residential/Post Tension Cable/2005 Kelly Rd",heic,4032,3024,2354828
"74455904929__34EF8540-5F00-498C-B2D7-B7BB2573EB1E.jpeg","Cardinal/2024/Residential/Post Tension Cable/2005 Kelly Rd",jpeg,4032,3024,4562434
"74455771431__CAD20FD0-CC7E-40C4-A0CD-3B7048B37119.heic","Cardinal/2024/Residential/Post Tension Cable/2005 Kelly Rd",heic,4032,3024,1862497
"74455591049__F665B3F2-9CD2-42EC-91A7-213BF787C48E.MOV","Cardinal/2024/Residential/Post Tension Cable/2005 Kelly Rd",mov,1920,,5345236
"74455411220__77E864CC-27C8-41AF-93BE-E678349457CA.heic","Cardinal/2024/Residential/Post Tension Cable/2005 Kelly Rd",heic,4032,3024,2723727
"74455729980__CFB3C6E6-8690-423D-BC39-B7D20F51B860.heic","Cardinal/2024/Residential/Post Tension Cable/2005 Kelly Rd",heic,4032,3024,3456261
"74455578220__78AC7AB4-A376-41E8-9960-49B2D875B481.MOV","Cardinal/2024/Residential/Post Tension Cable/2005 Kelly Rd",mov,1920,,4499604
"74455770569__CAB6456C-7C9E-401B-B4CF-720B212349C7.heic","Cardinal/2024/Residential/Post Tension Cable/2005 Kelly Rd",heic,4032,3024,1921696
"74455904929__34EF8540-5F00-498C-B2D7-B7BB2573EB1E.heic","Cardinal/2024/Residential/Post Tension Cable/2005 Kelly Rd",heic,4032,3024,2863375
"74455895101__B3B1FCAE-C202-4AE3-BEED-A2D0520C1A16.jpeg","Cardinal/2024/Residential/Post Tension Cable/2005 Kelly Rd",jpeg,4032,3024,3770999
"74455772043__B90EC54F-BFC4-4756-86C4-9A1289639370.jpeg","Cardinal/2024/Residential/Post Tension Cable/2005 Kelly Rd",jpeg,4032,3024,4446107
"74455894097__6268667F-886A-4756-80AB-DAB474C6272B.jpeg","Cardinal/2024/Residential/Post Tension Cable/2005 Kelly Rd",jpeg,4032,3024,3636628
"74455397446__C37DB4E2-A8BF-4232-9E0D-C214A8FF548B.heic","Cardinal/2024/Residential/Post Tension Cable/2005 Kelly Rd",heic,4032,3024,2682177
"74455869925__5BFE0704-14AF-4DB4-8548-392288AE68AB.jpeg","Cardinal/2024/Residential/Post Tension Cable/2005 Kelly Rd",jpeg,4032,3024,4386541
"74455770569__CAB6456C-7C9E-401B-B4CF-720B212349C7.jpeg","Cardinal/2024/Residential/Post Tension Cable/2005 Kelly Rd",jpeg,4032,3024,3393054
"74455729980__CFB3C6E6-8690-423D-BC39-B7D20F51B860.jpeg","Cardinal/2024/Residential/Post Tension Cable/2005 Kelly Rd",jpeg,4032,3024,5529817
"74455411220__77E864CC-27C8-41AF-93BE-E678349457CA.jpeg","Cardinal/2024/Residential/Post Tension Cable/2005 Kelly Rd",jpeg,4032,3024,4432053
"74455771431__CAD20FD0-CC7E-40C4-A0CD-3B7048B37119.jpeg","Cardinal/2024/Residential/Post Tension Cable/2005 Kelly Rd",jpeg,4032,3024,3015280
"IMG_3567.jpeg","Cardinal/2024/Residential/Pier Jobs/4705 Hillside Dr",jpeg,4032,3024,3088990
"IMG_3571.jpeg","Cardinal/2024/Residential/Pier Jobs/4705 Hillside Dr",jpeg,4032,3024,2163818
"IMG_3615.jpeg","Cardinal/2024/Residential/Pier Jobs/4705 Hillside Dr",jpeg,4032,3024,3515063
"IMG_3614.jpeg","Cardinal/2024/Residential/Pier Jobs/4705 Hillside Dr",jpeg,4032,3024,5469977
"IMG_3570.jpeg","Cardinal/2024/Residential/Pier Jobs/4705 Hillside Dr",jpeg,4032,3024,2246207
"IMG_3566.jpeg","Cardinal/2024/Residential/Pier Jobs/4705 Hillside Dr",jpeg,4032,3024,3146004
"IMG_3613.jpeg","Cardinal/2024/Residential/Pier Jobs/4705 Hillside Dr",jpeg,4032,3024,4956255
"IMG_3557.jpeg","Cardinal/2024/Residential/Pier Jobs/4705 Hillside Dr",jpeg,4032,3024,4499272
"IMG_3541.jpeg","Cardinal/2024/Residential/Pier Jobs/4705 Hillside Dr",jpeg,4032,3024,4844648
"IMG_3561.jpeg","Cardinal/2024/Residential/Pier Jobs/4705 Hillside Dr",jpeg,4032,3024,5024474
"74804525986__E2A65BCA-1C38-4287-8587-C4BDCF73B358.jpeg","Cardinal/2024/Residential/Pier Jobs/4705 Hillside Dr",jpeg,4032,3024,4141111
"IMG_3609.jpeg","Cardinal/2024/Residential/Pier Jobs/4705 Hillside Dr",jpeg,4032,3024,3081976
"74804529195__11C7E87D-7D37-4F55-A8A9-5F881278A5EE.jpeg","Cardinal/2024/Residential/Pier Jobs/4705 Hillside Dr",jpeg,4032,3024,4327727
"IMG_3608.jpeg","Cardinal/2024/Residential/Pier Jobs/4705 Hillside Dr",jpeg,4032,3024,3278694
"IMG_3560.jpeg","Cardinal/2024/Residential/Pier Jobs/4705 Hillside Dr",jpeg,4032,3024,4567400
"IMG_3540.jpeg","Cardinal/2024/Residential/Pier Jobs/4705 Hillside Dr",jpeg,4032,3024,5710741
"IMG_3556.jpeg","Cardinal/2024/Residential/Pier Jobs/4705 Hillside Dr",jpeg,4032,3024,5186320
"IMG_3612.jpeg","Cardinal/2024/Residential/Pier Jobs/4705 Hillside Dr",jpeg,4032,3024,5430040
"IMG_3543.jpeg","Cardinal/2024/Residential/Pier Jobs/4705 Hillside Dr",jpeg,4032,3024,5483863
"IMG_3555.jpeg","Cardinal/2024/Residential/Pier Jobs/4705 Hillside Dr",jpeg,4032,3024,4845044
"IMG_3607.jpeg","Cardinal/2024/Residential/Pier Jobs/4705 Hillside Dr",jpeg,4032,3024,2718378
"IMG_3538.jpeg","Cardinal/2024/Residential/Pier Jobs/4705 Hillside Dr",jpeg,4032,3024,5608842
"IMG_3611.jpeg","Cardinal/2024/Residential/Pier Jobs/4705 Hillside Dr",jpeg,4032,3024,4468224
"IMG_3559.jpeg","Cardinal/2024/Residential/Pier Jobs/4705 Hillside Dr",jpeg,4032,3024,5807790
"IMG_3563.jpeg","Cardinal/2024/Residential/Pier Jobs/4705 Hillside Dr",jpeg,4032,3024,5508902
"IMG_3562.jpeg","Cardinal/2024/Residential/Pier Jobs/4705 Hillside Dr",jpeg,4032,3024,5007518
"IMG_3558.jpeg","Cardinal/2024/Residential/Pier Jobs/4705 Hillside Dr",jpeg,4032,3024,4674074
"IMG_3610.jpeg","Cardinal/2024/Residential/Pier Jobs/4705 Hillside Dr",jpeg,4032,3024,3191490
"IMG_3539.jpeg","Cardinal/2024/Residential/Pier Jobs/4705 Hillside Dr",jpeg,4032,3024,5050739
"IMG_3606.jpeg","Cardinal/2024/Residential/Pier Jobs/4705 Hillside Dr",jpeg,4032,3024,3138481
"IMG_3554.jpeg","Cardinal/2024/Residential/Pier Jobs/4705 Hillside Dr",jpeg,4032,3024,4849418
"IMG_3542.jpeg","Cardinal/2024/Residential/Pier Jobs/4705 Hillside Dr",jpeg,4032,3024,5009677
"9D579DC7-C130-47F8-AEBE-2422CCC628D0.jpeg","Cardinal/2024/Residential/Pier Jobs/4705 Hillside Dr",jpeg,2550,3301,137929
"IMG_3545.jpeg","Cardinal/2024/Residential/Pier Jobs/4705 Hillside Dr",jpeg,4032,3024,5443999
"IMG_3553.jpeg","Cardinal/2024/Residential/Pier Jobs/4705 Hillside Dr",jpeg,4032,3024,6790463
"IMG_3569.jpeg","Cardinal/2024/Residential/Pier Jobs/4705 Hillside Dr",jpeg,4032,3024,2794634
"IMG_3568.jpeg","Cardinal/2024/Residential/Pier Jobs/4705 Hillside Dr",jpeg,4032,3024,2637038
"IMG_3544.jpeg","Cardinal/2024/Residential/Pier Jobs/4705 Hillside Dr",jpeg,4032,3024,6018543
"IMG_3564.jpeg","Cardinal/2024/Residential/Pier Jobs/4705 Hillside Dr",jpeg,4032,3024,5368917
"IMG_3572.jpeg","Cardinal/2024/Residential/Pier Jobs/4705 Hillside Dr",jpeg,4032,3024,2811367
"74804526764__AA0724B4-E6E3-40F6-A499-14D51EF4A1E6.jpeg","Cardinal/2024/Residential/Pier Jobs/4705 Hillside Dr",jpeg,4032,3024,3355766
"74804527698__6DA2DE8A-3B98-486E-9FB0-51887631058C.jpeg","Cardinal/2024/Residential/Pier Jobs/4705 Hillside Dr",jpeg,4032,3024,3784087
"IMG_3112.HEIC","Cardinal/2024/Residential/Pier Jobs/1016 John Reagan",heic,4032,3024,4232058
"IMG_3116.jpeg","Cardinal/2024/Residential/Pier Jobs/1016 John Reagan",jpeg,4032,3024,5782715
"IMG_3113.HEIC","Cardinal/2024/Residential/Pier Jobs/1016 John Reagan",heic,4032,3024,2758892
"IMG_3114.HEIC","Cardinal/2024/Residential/Pier Jobs/1016 John Reagan",heic,4032,3024,3493593
"IMG_3115.HEIC","Cardinal/2024/Residential/Pier Jobs/1016 John Reagan",heic,4032,3024,4143668
"IMG_3113.jpeg","Cardinal/2024/Residential/Pier Jobs/1016 John Reagan",jpeg,4032,3024,3946686
"IMG_3116.HEIC","Cardinal/2024/Residential/Pier Jobs/1016 John Reagan",heic,4032,3024,3950651
"IMG_3112.jpeg","Cardinal/2024/Residential/Pier Jobs/1016 John Reagan",jpeg,4032,3024,6172967
"IMG_3115.jpeg","Cardinal/2024/Residential/Pier Jobs/1016 John Reagan",jpeg,4032,3024,6004552
"IMG_3114.jpeg","Cardinal/2024/Residential/Pier Jobs/1016 John Reagan",jpeg,4032,3024,4857715
"IMG_3952.MOV","Cardinal/2024/Commercial - Multifamily/Durham 14/video",mov,1920,,34652709
"IMG_3985.MOV","Cardinal/2024/Commercial - Multifamily/Durham 14/video",mov,1920,,289624509
"IMG_3909.MOV","Cardinal/2024/Commercial - Multifamily/Durham 14/video",mov,1920,,9642776
"IMG_3910.MOV","Cardinal/2024/Commercial - Multifamily/Durham 14/video",mov,1920,,436286180
"IMG_3722.MOV","Cardinal/2024/Commercial - Multifamily/Durham 14/video",mov,1920,,103635031
"IMG_3954.HEIC","Cardinal/2024/Commercial - Multifamily/Durham 14/images",heic,4032,3024,4431336
"IMG_3903.HEIC","Cardinal/2024/Commercial - Multifamily/Durham 14/images",heic,4032,3024,3698090
"IMG_3942.HEIC","Cardinal/2024/Commercial - Multifamily/Durham 14/images",heic,4032,3024,3640849
"IMG_3893.HEIC","Cardinal/2024/Commercial - Multifamily/Durham 14/images",heic,4032,3024,3599556
"IMG_3939.HEIC","Cardinal/2024/Commercial - Multifamily/Durham 14/images",heic,4032,3024,1796259
"IMG_3714.HEIC","Cardinal/2024/Commercial - Multifamily/Durham 14/images",heic,4032,3024,2833500
"IMG_3981.HEIC","Cardinal/2024/Commercial - Multifamily/Durham 14/images",heic,4032,3024,3547413
"IMG_3978.HEIC","Cardinal/2024/Commercial - Multifamily/Durham 14/images",heic,4032,3024,3089674
"IMG_3885.HEIC","Cardinal/2024/Commercial - Multifamily/Durham 14/images",heic,4032,3024,1767739
"IMG_3958.HEIC","Cardinal/2024/Commercial - Multifamily/Durham 14/images",heic,4032,3024,4244581
"IMG_3935.HEIC","Cardinal/2024/Commercial - Multifamily/Durham 14/images",heic,4032,3024,1673916
"IMG_3962.HEIC","Cardinal/2024/Commercial - Multifamily/Durham 14/images",heic,4032,3024,2586524
"IMG_3718.HEIC","Cardinal/2024/Commercial - Multifamily/Durham 14/images",heic,4032,3024,3905541
"IMG_3974.HEIC","Cardinal/2024/Commercial - Multifamily/Durham 14/images",heic,4032,3024,2038247
"IMG_3889.HEIC","Cardinal/2024/Commercial - Multifamily/Durham 14/images",heic,4032,3024,3574544
"IMG_3888.HEIC","Cardinal/2024/Commercial - Multifamily/Durham 14/images",heic,4032,3024,1974478
"IMG_3975.HEIC","Cardinal/2024/Commercial - Multifamily/Durham 14/images",heic,4032,3024,2454418
"IMG_3719.HEIC","Cardinal/2024/Commercial - Multifamily/Durham 14/images",heic,4032,3024,3755336
"IMG_3963.HEIC","Cardinal/2024/Commercial - Multifamily/Durham 14/images",heic,4032,3024,4874373
"IMG_3934.HEIC","Cardinal/2024/Commercial - Multifamily/Durham 14/images",heic,4032,3024,2594617
"IMG_3884.HEIC","Cardinal/2024/Commercial - Multifamily/Durham 14/images",heic,4032,3024,2775364
"IMG_3979.HEIC","Cardinal/2024/Commercial - Multifamily/Durham 14/images",heic,4032,3024,4405584
"IMG_3703.HEIC","Cardinal/2024/Commercial - Multifamily/Durham 14/images",heic,4032,3024,3905872
"IMG_3980.HEIC","Cardinal/2024/Commercial - Multifamily/Durham 14/images",heic,4032,3024,3002930
"IMG_3715.HEIC","Cardinal/2024/Commercial - Multifamily/Durham 14/images",heic,4032,3024,1760619
"IMG_3892.HEIC","Cardinal/2024/Commercial - Multifamily/Durham 14/images",heic,4032,3024,4092292
"IMG_3938.HEIC","Cardinal/2024/Commercial - Multifamily/Durham 14/images",heic,4032,3024,1737573
"IMG_3943.HEIC","Cardinal/2024/Commercial - Multifamily/Durham 14/images",heic,4032,3024,2677034
"IMG_3902.HEIC","Cardinal/2024/Commercial - Multifamily/Durham 14/images",heic,4032,3024,4087910
"IMG_3955.HEIC","Cardinal/2024/Commercial - Multifamily/Durham 14/images",heic,4032,3024,4399571
"IMG_3948.HEIC","Cardinal/2024/Commercial - Multifamily/Durham 14/images",heic,4032,3024,3710276
"IMG_3933.HEIC","Cardinal/2024/Commercial - Multifamily/Durham 14/images",heic,4032,3024,2134909
"IMG_3899.HEIC","Cardinal/2024/Commercial - Multifamily/Durham 14/images",heic,4032,3024,4639200
"IMG_3876.HEIC","Cardinal/2024/Commercial - Multifamily/Durham 14/images",heic,4032,3024,3995070
"IMG_3964.HEIC","Cardinal/2024/Commercial - Multifamily/Durham 14/images",heic,4032,3024,3107866
"IMG_3972.HEIC","Cardinal/2024/Commercial - Multifamily/Durham 14/images",heic,4032,3024,2786091
"IMG_3708.HEIC","Cardinal/2024/Commercial - Multifamily/Durham 14/images",heic,4032,3024,4272730
"IMG_3905.HEIC","Cardinal/2024/Commercial - Multifamily/Durham 14/images",heic,4032,3024,3763091
"IMG_3944.HEIC","Cardinal/2024/Commercial - Multifamily/Durham 14/images",heic,4032,3024,2778531
"IMG_3895.HEIC","Cardinal/2024/Commercial - Multifamily/Durham 14/images",heic,4032,3024,3226885
"IMG_3712.HEIC","Cardinal/2024/Commercial - Multifamily/Durham 14/images",heic,4032,3024,4211573
"IMG_3968.HEIC","Cardinal/2024/Commercial - Multifamily/Durham 14/images",heic,4032,3024,2716867
"IMG_3704.HEIC","Cardinal/2024/Commercial - Multifamily/Durham 14/images",heic,4032,3024,3737707
"IMG_3929.HEIC","Cardinal/2024/Commercial - Multifamily/Durham 14/images",heic,4032,3024,2258234
"IMG_3883.HEIC","Cardinal/2024/Commercial - Multifamily/Durham 14/images",heic,4032,3024,2462262
"IMG_3882.HEIC","Cardinal/2024/Commercial - Multifamily/Durham 14/images",heic,4032,3024,2613420
"IMG_3705.HEIC","Cardinal/2024/Commercial - Multifamily/Durham 14/images",heic,4032,3024,3642537
"IMG_3969.HEIC","Cardinal/2024/Commercial - Multifamily/Durham 14/images",heic,4032,3024,2459465
"IMG_3713.HEIC","Cardinal/2024/Commercial - Multifamily/Durham 14/images",heic,4032,3024,2037255
"IMG_3894.HEIC","Cardinal/2024/Commercial - Multifamily/Durham 14/images",heic,4032,3024,3213023
"IMG_0492.heic","Cardinal/2024/Commercial - Multifamily/Durham 14/images",heic,4032,3024,1699708
"IMG_3945.HEIC","Cardinal/2024/Commercial - Multifamily/Durham 14/images",heic,4032,3024,2900506
"IMG_3904.HEIC","Cardinal/2024/Commercial - Multifamily/Durham 14/images",heic,4032,3024,4295551
"IMG_3709.HEIC","Cardinal/2024/Commercial - Multifamily/Durham 14/images",heic,4032,3024,3911575
"IMG_3973.HEIC","Cardinal/2024/Commercial - Multifamily/Durham 14/images",heic,4032,3024,1690290
"IMG_3965.HEIC","Cardinal/2024/Commercial - Multifamily/Durham 14/images",heic,4032,3024,3343901
"IMG_3932.HEIC","Cardinal/2024/Commercial - Multifamily/Durham 14/images",heic,4032,3024,2488427
"IMG_3898.HEIC","Cardinal/2024/Commercial - Multifamily/Durham 14/images",heic,4032,3024,4023610
"IMG_3877.HEIC","Cardinal/2024/Commercial - Multifamily/Durham 14/images",heic,4032,3024,3357832
"IMG_3949.HEIC","Cardinal/2024/Commercial - Multifamily/Durham 14/images",heic,4032,3024,3719673
"IMG_3908.HEIC","Cardinal/2024/Commercial - Multifamily/Durham 14/images",heic,6938,3946,6089190
"IMG_3970.HEIC","Cardinal/2024/Commercial - Multifamily/Durham 14/images",heic,4032,3024,2403024
"IMG_3966.HEIC","Cardinal/2024/Commercial - Multifamily/Durham 14/images",heic,4032,3024,3007970
"IMG_3931.HEIC","Cardinal/2024/Commercial - Multifamily/Durham 14/images",heic,4032,3024,1673189
"IMG_3881.HEIC","Cardinal/2024/Commercial - Multifamily/Durham 14/images",heic,4032,3024,2138685
"IMG_3706.HEIC","Cardinal/2024/Commercial - Multifamily/Durham 14/images",heic,4032,3024,3821009
"IMG_3710.HEIC","Cardinal/2024/Commercial - Multifamily/Durham 14/images",heic,4032,3024,4008033
"IMG_3878.HEIC","Cardinal/2024/Commercial - Multifamily/Durham 14/images",heic,4032,3024,2633521
"IMG_3897.HEIC","Cardinal/2024/Commercial - Multifamily/Durham 14/images",heic,4032,3024,3775610
"IMG_0491.heic","Cardinal/2024/Commercial - Multifamily/Durham 14/images",heic,4032,3024,1623919
"IMG_3946.HEIC","Cardinal/2024/Commercial - Multifamily/Durham 14/images",heic,4032,3024,2408224
"IMG_3907.HEIC","Cardinal/2024/Commercial - Multifamily/Durham 14/images",heic,4032,3024,2453667
"IMG_3950.HEIC","Cardinal/2024/Commercial - Multifamily/Durham 14/images",heic,4032,3024,3067375
"IMG_3951.HEIC","Cardinal/2024/Commercial - Multifamily/Durham 14/images",heic,4032,3024,4003631
"IMG_3906.HEIC","Cardinal/2024/Commercial - Multifamily/Durham 14/images",heic,4032,3024,3792861
"IMG_3947.HEIC","Cardinal/2024/Commercial - Multifamily/Durham 14/images",heic,4032,3024,4688595
"IMG_0490.heic","Cardinal/2024/Commercial - Multifamily/Durham 14/images",heic,5712,4284,1989075
"IMG_3879.HEIC","Cardinal/2024/Commercial - Multifamily/Durham 14/images",heic,4032,3024,4188741
"IMG_3896.HEIC","Cardinal/2024/Commercial - Multifamily/Durham 14/images",heic,4032,3024,2811830
"IMG_3711.HEIC","Cardinal/2024/Commercial - Multifamily/Durham 14/images",heic,4032,3024,3942627
"IMG_3984.HEIC","Cardinal/2024/Commercial - Multifamily/Durham 14/images",heic,4032,3024,3838091
"IMG_3707.HEIC","Cardinal/2024/Commercial - Multifamily/Durham 14/images",heic,4032,3024,3816825
"IMG_3880.HEIC","Cardinal/2024/Commercial - Multifamily/Durham 14/images",heic,4032,3024,2437698
"IMG_3875.HEIC","Cardinal/2024/Commercial - Multifamily/Durham 14/images",heic,4032,3024,3727744
"IMG_3930.HEIC","Cardinal/2024/Commercial - Multifamily/Durham 14/images",heic,4032,3024,2392385
"IMG_3967.HEIC","Cardinal/2024/Commercial - Multifamily/Durham 14/images",heic,4032,3024,2020060
"IMG_3971.HEIC","Cardinal/2024/Commercial - Multifamily/Durham 14/images",heic,4032,3024,1871042
"IMG_3887.HEIC","Cardinal/2024/Commercial - Multifamily/Durham 14/images",heic,4032,3024,2215386
"IMG_3983.HEIC","Cardinal/2024/Commercial - Multifamily/Durham 14/images",heic,4032,3024,3724668
"IMG_3716.HEIC","Cardinal/2024/Commercial - Multifamily/Durham 14/images",heic,4032,3024,2953997
"IMG_3891.HEIC","Cardinal/2024/Commercial - Multifamily/Durham 14/images",heic,4032,3024,4110093
"IMG_3940.HEIC","Cardinal/2024/Commercial - Multifamily/Durham 14/images",heic,4032,3024,1937834
"IMG_3901.HEIC","Cardinal/2024/Commercial - Multifamily/Durham 14/images",heic,4032,3024,4407792
"IMG_3956.HEIC","Cardinal/2024/Commercial - Multifamily/Durham 14/images",heic,4032,3024,3968866
"IMG_3976.HEIC","Cardinal/2024/Commercial - Multifamily/Durham 14/images",heic,4032,3024,3981415
"IMG_3971.jpeg","Cardinal/2024/Commercial - Multifamily/Durham 14/images/Jpeg",jpeg,4032,3024,3246828
"IMG_3967.jpeg","Cardinal/2024/Commercial - Multifamily/Durham 14/images/Jpeg",jpeg,4032,3024,3592777
"IMG_3875.jpeg","Cardinal/2024/Commercial - Multifamily/Durham 14/images/Jpeg",jpeg,4032,3024,5230592
"IMG_3930.jpeg","Cardinal/2024/Commercial - Multifamily/Durham 14/images/Jpeg",jpeg,4032,3024,3631596
"IMG_3880.jpeg","Cardinal/2024/Commercial - Multifamily/Durham 14/images/Jpeg",jpeg,4032,3024,3710844
"IMG_3707.jpeg","Cardinal/2024/Commercial - Multifamily/Durham 14/images/Jpeg",jpeg,4032,3024,5382369
"IMG_3711.jpeg","Cardinal/2024/Commercial - Multifamily/Durham 14/images/Jpeg",jpeg,4032,3024,5487552
"IMG_3984.jpeg","Cardinal/2024/Commercial - Multifamily/Durham 14/images/Jpeg",jpeg,4032,3024,5284372
"IMG_0490.jpeg","Cardinal/2024/Commercial - Multifamily/Durham 14/images/Jpeg",jpeg,5712,4284,4631489
"IMG_3879.jpeg","Cardinal/2024/Commercial - Multifamily/Durham 14/images/Jpeg",jpeg,4032,3024,5929520
"IMG_3896.jpeg","Cardinal/2024/Commercial - Multifamily/Durham 14/images/Jpeg",jpeg,4032,3024,4117870
"IMG_3947.jpeg","Cardinal/2024/Commercial - Multifamily/Durham 14/images/Jpeg",jpeg,4032,3024,6505156
"IMG_3906.jpeg","Cardinal/2024/Commercial - Multifamily/Durham 14/images/Jpeg",jpeg,4032,3024,5458010
"IMG_3951.jpeg","Cardinal/2024/Commercial - Multifamily/Durham 14/images/Jpeg",jpeg,4032,3024,5783650
"IMG_3950.jpeg","Cardinal/2024/Commercial - Multifamily/Durham 14/images/Jpeg",jpeg,4032,3024,4390822
"IMG_3907.jpeg","Cardinal/2024/Commercial - Multifamily/Durham 14/images/Jpeg",jpeg,4032,3024,3569885
"IMG_3946.jpeg","Cardinal/2024/Commercial - Multifamily/Durham 14/images/Jpeg",jpeg,4032,3024,3531139
"IMG_3878.jpeg","Cardinal/2024/Commercial - Multifamily/Durham 14/images/Jpeg",jpeg,4032,3024,3766329
"IMG_3897.jpeg","Cardinal/2024/Commercial - Multifamily/Durham 14/images/Jpeg",jpeg,4032,3024,5337871
"IMG_0491.jpeg","Cardinal/2024/Commercial - Multifamily/Durham 14/images/Jpeg",jpeg,4032,3024,2825584
"IMG_3710.jpeg","Cardinal/2024/Commercial - Multifamily/Durham 14/images/Jpeg",jpeg,4032,3024,5592803
"IMG_3706.jpeg","Cardinal/2024/Commercial - Multifamily/Durham 14/images/Jpeg",jpeg,4032,3024,5397687
"IMG_3881.jpeg","Cardinal/2024/Commercial - Multifamily/Durham 14/images/Jpeg",jpeg,4032,3024,3698878
"IMG_3931.jpeg","Cardinal/2024/Commercial - Multifamily/Durham 14/images/Jpeg",jpeg,4032,3024,2850353
"IMG_3966.jpeg","Cardinal/2024/Commercial - Multifamily/Durham 14/images/Jpeg",jpeg,4032,3024,4403461
"IMG_3970.jpeg","Cardinal/2024/Commercial - Multifamily/Durham 14/images/Jpeg",jpeg,4032,3024,3592314
"IMG_3886.jpeg","Cardinal/2024/Commercial - Multifamily/Durham 14/images/Jpeg",jpeg,4032,3024,4093465
"IMG_3717.jpeg","Cardinal/2024/Commercial - Multifamily/Durham 14/images/Jpeg",jpeg,4032,3024,3940139
"IMG_3982.jpeg","Cardinal/2024/Commercial - Multifamily/Durham 14/images/Jpeg",jpeg,4032,3024,5584108
"IMG_3890.jpeg","Cardinal/2024/Commercial - Multifamily/Durham 14/images/Jpeg",jpeg,4032,3024,3329105
"IMG_3941.jpeg","Cardinal/2024/Commercial - Multifamily/Durham 14/images/Jpeg",jpeg,4032,3024,3246588
"IMG_3900.jpeg","Cardinal/2024/Commercial - Multifamily/Durham 14/images/Jpeg",jpeg,4032,3024,6976793
"IMG_3957.jpeg","Cardinal/2024/Commercial - Multifamily/Durham 14/images/Jpeg",jpeg,4032,3024,5791455
"IMG_3977.jpeg","Cardinal/2024/Commercial - Multifamily/Durham 14/images/Jpeg",jpeg,4032,3024,5232812
"IMG_3936.jpeg","Cardinal/2024/Commercial - Multifamily/Durham 14/images/Jpeg",jpeg,4032,3024,3432020
"IMG_3721.jpeg","Cardinal/2024/Commercial - Multifamily/Durham 14/images/Jpeg",jpeg,4032,3024,5066240
"IMG_3720.jpeg","Cardinal/2024/Commercial - Multifamily/Durham 14/images/Jpeg",jpeg,4032,3024,5683108
"IMG_3937.jpeg","Cardinal/2024/Commercial - Multifamily/Durham 14/images/Jpeg",jpeg,4032,3024,3558515
"IMG_3976.jpeg","Cardinal/2024/Commercial - Multifamily/Durham 14/images/Jpeg",jpeg,4032,3024,5735333
"IMG_3956.jpeg","Cardinal/2024/Commercial - Multifamily/Durham 14/images/Jpeg",jpeg,4032,3024,5677762
"IMG_3901.jpeg","Cardinal/2024/Commercial - Multifamily/Durham 14/images/Jpeg",jpeg,4032,3024,6068074
"IMG_3940.jpeg","Cardinal/2024/Commercial - Multifamily/Durham 14/images/Jpeg",jpeg,4032,3024,3249025
"IMG_3891.jpeg","Cardinal/2024/Commercial - Multifamily/Durham 14/images/Jpeg",jpeg,4032,3024,5944867
"IMG_3983.jpeg","Cardinal/2024/Commercial - Multifamily/Durham 14/images/Jpeg",jpeg,4032,3024,5246363
"IMG_3716.jpeg","Cardinal/2024/Commercial - Multifamily/Durham 14/images/Jpeg",jpeg,4032,3024,4186649
"IMG_3887.jpeg","Cardinal/2024/Commercial - Multifamily/Durham 14/images/Jpeg",jpeg,4032,3024,3705672
"IMG_3955.jpeg","Cardinal/2024/Commercial - Multifamily/Durham 14/images/Jpeg",jpeg,4032,3024,6116889
"IMG_3902.jpeg","Cardinal/2024/Commercial - Multifamily/Durham 14/images/Jpeg",jpeg,4032,3024,5732964
"IMG_3943.jpeg","Cardinal/2024/Commercial - Multifamily/Durham 14/images/Jpeg",jpeg,4032,3024,3775245
"IMG_3892.jpeg","Cardinal/2024/Commercial - Multifamily/Durham 14/images/Jpeg",jpeg,4032,3024,5863184
"IMG_3938.jpeg","Cardinal/2024/Commercial - Multifamily/Durham 14/images/Jpeg",jpeg,4032,3024,3004420
"IMG_3980.jpeg","Cardinal/2024/Commercial - Multifamily/Durham 14/images/Jpeg",jpeg,4032,3024,4379418
"IMG_3715.jpeg","Cardinal/2024/Commercial - Multifamily/Durham 14/images/Jpeg",jpeg,4032,3024,2649402
"IMG_3979.jpeg","Cardinal/2024/Commercial - Multifamily/Durham 14/images/Jpeg",jpeg,4032,3024,6139268
"IMG_3703.jpeg","Cardinal/2024/Commercial - Multifamily/Durham 14/images/Jpeg",jpeg,4032,3024,5426306
"IMG_3884.jpeg","Cardinal/2024/Commercial - Multifamily/Durham 14/images/Jpeg",jpeg,4032,3024,4196515
"IMG_3934.jpeg","Cardinal/2024/Commercial - Multifamily/Durham 14/images/Jpeg",jpeg,4032,3024,3725575
"IMG_3719.jpeg","Cardinal/2024/Commercial - Multifamily/Durham 14/images/Jpeg",jpeg,4032,3024,5236484
"IMG_3963.jpeg","Cardinal/2024/Commercial - Multifamily/Durham 14/images/Jpeg",jpeg,4032,3024,6678624
"IMG_3975.jpeg","Cardinal/2024/Commercial - Multifamily/Durham 14/images/Jpeg",jpeg,4032,3024,3660400
"IMG_3888.jpeg","Cardinal/2024/Commercial - Multifamily/Durham 14/images/Jpeg",jpeg,4032,3024,3424029
"IMG_3889.jpeg","Cardinal/2024/Commercial - Multifamily/Durham 14/images/Jpeg",jpeg,4032,3024,5091301
"IMG_3974.jpeg","Cardinal/2024/Commercial - Multifamily/Durham 14/images/Jpeg",jpeg,4032,3024,3141563
"IMG_3962.jpeg","Cardinal/2024/Commercial - Multifamily/Durham 14/images/Jpeg",jpeg,4032,3024,3870632
"IMG_3718.jpeg","Cardinal/2024/Commercial - Multifamily/Durham 14/images/Jpeg",jpeg,4032,3024,5571489
"IMG_3935.jpeg","Cardinal/2024/Commercial - Multifamily/Durham 14/images/Jpeg",jpeg,4032,3024,2922331
"IMG_3958.jpeg","Cardinal/2024/Commercial - Multifamily/Durham 14/images/Jpeg",jpeg,4032,3024,6084424
"IMG_3885.jpeg","Cardinal/2024/Commercial - Multifamily/Durham 14/images/Jpeg",jpeg,4032,3024,3131609
"IMG_3978.jpeg","Cardinal/2024/Commercial - Multifamily/Durham 14/images/Jpeg",jpeg,4032,3024,4524450
"IMG_3714.jpeg","Cardinal/2024/Commercial - Multifamily/Durham 14/images/Jpeg",jpeg,4032,3024,4158418
"IMG_3981.jpeg","Cardinal/2024/Commercial - Multifamily/Durham 14/images/Jpeg",jpeg,4032,3024,5081311
"IMG_3893.jpeg","Cardinal/2024/Commercial - Multifamily/Durham 14/images/Jpeg",jpeg,4032,3024,5151075
"IMG_3939.jpeg","Cardinal/2024/Commercial - Multifamily/Durham 14/images/Jpeg",jpeg,4032,3024,3159437
"IMG_3942.jpeg","Cardinal/2024/Commercial - Multifamily/Durham 14/images/Jpeg",jpeg,4032,3024,5157627
"IMG_3903.jpeg","Cardinal/2024/Commercial - Multifamily/Durham 14/images/Jpeg",jpeg,4032,3024,5443021
"IMG_3954.jpeg","Cardinal/2024/Commercial - Multifamily/Durham 14/images/Jpeg",jpeg,4032,3024,6125269
"IMG_3908.jpeg","Cardinal/2024/Commercial - Multifamily/Durham 14/images/Jpeg",jpeg,6938,3946,8821477
"IMG_3949.jpeg","Cardinal/2024/Commercial - Multifamily/Durham 14/images/Jpeg",jpeg,4032,3024,5320090
"IMG_3932.jpeg","Cardinal/2024/Commercial - Multifamily/Durham 14/images/Jpeg",jpeg,4032,3024,3664725
"IMG_3898.jpeg","Cardinal/2024/Commercial - Multifamily/Durham 14/images/Jpeg",jpeg,4032,3024,5674679
"IMG_3877.jpeg","Cardinal/2024/Commercial - Multifamily/Durham 14/images/Jpeg",jpeg,4032,3024,4832383
"IMG_3965.jpeg","Cardinal/2024/Commercial - Multifamily/Durham 14/images/Jpeg",jpeg,4032,3024,4622841
"IMG_3709.jpeg","Cardinal/2024/Commercial - Multifamily/Durham 14/images/Jpeg",jpeg,4032,3024,5586612
"IMG_3973.jpeg","Cardinal/2024/Commercial - Multifamily/Durham 14/images/Jpeg",jpeg,4032,3024,2853218
"IMG_3904.jpeg","Cardinal/2024/Commercial - Multifamily/Durham 14/images/Jpeg",jpeg,4032,3024,6039236
"IMG_3945.jpeg","Cardinal/2024/Commercial - Multifamily/Durham 14/images/Jpeg",jpeg,4032,3024,4142506
"IMG_3894.jpeg","Cardinal/2024/Commercial - Multifamily/Durham 14/images/Jpeg",jpeg,4032,3024,4692342
"IMG_0492.jpeg","Cardinal/2024/Commercial - Multifamily/Durham 14/images/Jpeg",jpeg,4032,3024,2822835
"IMG_3969.jpeg","Cardinal/2024/Commercial - Multifamily/Durham 14/images/Jpeg",jpeg,4032,3024,4017565
"IMG_3713.jpeg","Cardinal/2024/Commercial - Multifamily/Durham 14/images/Jpeg",jpeg,4032,3024,3194277
"IMG_3705.jpeg","Cardinal/2024/Commercial - Multifamily/Durham 14/images/Jpeg",jpeg,4032,3024,5173688
"IMG_3882.jpeg","Cardinal/2024/Commercial - Multifamily/Durham 14/images/Jpeg",jpeg,4032,3024,3916207
"IMG_3929.jpeg","Cardinal/2024/Commercial - Multifamily/Durham 14/images/Jpeg",jpeg,4032,3024,3370672
"IMG_3883.jpeg","Cardinal/2024/Commercial - Multifamily/Durham 14/images/Jpeg",jpeg,4032,3024,3801122
"IMG_3704.jpeg","Cardinal/2024/Commercial - Multifamily/Durham 14/images/Jpeg",jpeg,4032,3024,5250019
"IMG_3712.jpeg","Cardinal/2024/Commercial - Multifamily/Durham 14/images/Jpeg",jpeg,4032,3024,5941924
"IMG_3968.jpeg","Cardinal/2024/Commercial - Multifamily/Durham 14/images/Jpeg",jpeg,4032,3024,3885572
"IMG_3895.jpeg","Cardinal/2024/Commercial - Multifamily/Durham 14/images/Jpeg",jpeg,4032,3024,4697150
"IMG_3944.jpeg","Cardinal/2024/Commercial - Multifamily/Durham 14/images/Jpeg",jpeg,4032,3024,4086463
"IMG_3905.jpeg","Cardinal/2024/Commercial - Multifamily/Durham 14/images/Jpeg",jpeg,4032,3024,5312307
"IMG_3972.jpeg","Cardinal/2024/Commercial - Multifamily/Durham 14/images/Jpeg",jpeg,4032,3024,4131382
"IMG_3708.jpeg","Cardinal/2024/Commercial - Multifamily/Durham 14/images/Jpeg",jpeg,4032,3024,5928561
"IMG_3964.jpeg","Cardinal/2024/Commercial - Multifamily/Durham 14/images/Jpeg",jpeg,4032,3024,4406115
"IMG_3933.jpeg","Cardinal/2024/Commercial - Multifamily/Durham 14/images/Jpeg",jpeg,4032,3024,3378884
"IMG_3899.jpeg","Cardinal/2024/Commercial - Multifamily/Durham 14/images/Jpeg",jpeg,4032,3024,6339595
"IMG_3876.jpeg","Cardinal/2024/Commercial - Multifamily/Durham 14/images/Jpeg",jpeg,4032,3024,5449098
"IMG_3948.jpeg","Cardinal/2024/Commercial - Multifamily/Durham 14/images/Jpeg",jpeg,4032,3024,5340272
"IMG_3937.HEIC","Cardinal/2024/Commercial - Multifamily/Durham 14/images",heic,4032,3024,2402248
"IMG_3720.HEIC","Cardinal/2024/Commercial - Multifamily/Durham 14/images",heic,4032,3024,3917293
"IMG_3721.HEIC","Cardinal/2024/Commercial - Multifamily/Durham 14/images",heic,4032,3024,3620977
"IMG_3936.HEIC","Cardinal/2024/Commercial - Multifamily/Durham 14/images",heic,4032,3024,2009732
"IMG_3977.HEIC","Cardinal/2024/Commercial - Multifamily/Durham 14/images",heic,4032,3024,3667460
"IMG_3957.HEIC","Cardinal/2024/Commercial - Multifamily/Durham 14/images",heic,4032,3024,4080392
"IMG_3900.HEIC","Cardinal/2024/Commercial - Multifamily/Durham 14/images",heic,4032,3024,5125297
"IMG_3941.HEIC","Cardinal/2024/Commercial - Multifamily/Durham 14/images",heic,4032,3024,1895559
"IMG_3890.HEIC","Cardinal/2024/Commercial - Multifamily/Durham 14/images",heic,4032,3024,1837795
"IMG_3717.HEIC","Cardinal/2024/Commercial - Multifamily/Durham 14/images",heic,4032,3024,2812005
"IMG_3982.HEIC","Cardinal/2024/Commercial - Multifamily/Durham 14/images",heic,4032,3024,4208689
"IMG_3886.HEIC","Cardinal/2024/Commercial - Multifamily/Durham 14/images",heic,4032,3024,2697193
"IMG_3658.jpeg","Cardinal/2024/Commercial - Multifamily/Sedona 10_1",jpeg,4032,3024,5244062
"IMG_3635.jpeg","Cardinal/2024/Commercial - Multifamily/Sedona 10_1",jpeg,4032,3024,6269082
"IMG_3662.jpeg","Cardinal/2024/Commercial - Multifamily/Sedona 10_1",jpeg,4032,3024,6428984
"IMG_3727.jpeg","Cardinal/2024/Commercial - Multifamily/Sedona 10_1",jpeg,4032,3024,5912385
"IMG_3642.jpeg","Cardinal/2024/Commercial - Multifamily/Sedona 10_1",jpeg,4032,3024,4966186
"IMG_3654.jpeg","Cardinal/2024/Commercial - Multifamily/Sedona 10_1",jpeg,4032,3024,4908873
"IMG_3592.jpeg","Cardinal/2024/Commercial - Multifamily/Sedona 10_1",jpeg,4032,3024,5851641
"IMG_3639.jpeg","Cardinal/2024/Commercial - Multifamily/Sedona 10_1",jpeg,4032,3024,4883626
"IMG_3638.jpeg","Cardinal/2024/Commercial - Multifamily/Sedona 10_1",jpeg,4032,3024,4616702
"IMG_3602.jpeg","Cardinal/2024/Commercial - Multifamily/Sedona 10_1",jpeg,4032,3024,5122056
"IMG_3593.jpeg","Cardinal/2024/Commercial - Multifamily/Sedona 10_1",jpeg,4032,3024,5791565
"IMG_3655.jpeg","Cardinal/2024/Commercial - Multifamily/Sedona 10_1",jpeg,4032,3024,5425056
"IMG_3643.jpeg","Cardinal/2024/Commercial - Multifamily/Sedona 10_1",jpeg,4032,3024,5965292
"IMG_3663.jpeg","Cardinal/2024/Commercial - Multifamily/Sedona 10_1",jpeg,4032,3024,4869223
"IMG_3726.jpeg","Cardinal/2024/Commercial - Multifamily/Sedona 10_1",jpeg,4032,3024,3820133
"IMG_3634.jpeg","Cardinal/2024/Commercial - Multifamily/Sedona 10_1",jpeg,4032,3024,6747671
"IMG_3730.jpeg","Cardinal/2024/Commercial - Multifamily/Sedona 10_1",jpeg,4032,3024,2962447
"IMG_3659.jpeg","Cardinal/2024/Commercial - Multifamily/Sedona 10_1",jpeg,4032,3024,5387645
"IMG_3644.jpeg","Cardinal/2024/Commercial - Multifamily/Sedona 10_1",jpeg,4032,3024,6492612
"IMG_3652.jpeg","Cardinal/2024/Commercial - Multifamily/Sedona 10_1",jpeg,4032,3024,5428074
"IMG_3594.jpeg","Cardinal/2024/Commercial - Multifamily/Sedona 10_1",jpeg,4032,3024,6372794
"IMG_4070.jpeg","Cardinal/2024/Commercial - Multifamily/Sedona 10_1",jpeg,4032,3024,3793679
"IMG_3598.jpeg","Cardinal/2024/Commercial - Multifamily/Sedona 10_1",jpeg,4032,3024,5927056
"IMG_4066.jpeg","Cardinal/2024/Commercial - Multifamily/Sedona 10_1",jpeg,4032,3024,4610997
"IMG_3633.jpeg","Cardinal/2024/Commercial - Multifamily/Sedona 10_1",jpeg,4032,3024,4425028
"IMG_3664.jpeg","Cardinal/2024/Commercial - Multifamily/Sedona 10_1",jpeg,4032,3024,3999566
"IMG_3665.jpeg","Cardinal/2024/Commercial - Multifamily/Sedona 10_1",jpeg,4032,3024,6193437
"IMG_3632.jpeg","Cardinal/2024/Commercial - Multifamily/Sedona 10_1",jpeg,4032,3024,5166961
"IMG_4067.jpeg","Cardinal/2024/Commercial - Multifamily/Sedona 10_1",jpeg,4032,3024,6535282
"IMG_3599.jpeg","Cardinal/2024/Commercial - Multifamily/Sedona 10_1",jpeg,4032,3024,4971392
"IMG_3649.jpeg","Cardinal/2024/Commercial - Multifamily/Sedona 10_1",jpeg,4032,3024,4422091
"IMG_4071.jpeg","Cardinal/2024/Commercial - Multifamily/Sedona 10_1",jpeg,4032,3024,5187972
"IMG_3595.jpeg","Cardinal/2024/Commercial - Multifamily/Sedona 10_1",jpeg,4032,3024,6278543
"IMG_3653.jpeg","Cardinal/2024/Commercial - Multifamily/Sedona 10_1",jpeg,4032,3024,4612647
"IMG_3645.jpeg","Cardinal/2024/Commercial - Multifamily/Sedona 10_1",jpeg,4032,3024,4169160
"IMG_4068.jpeg","Cardinal/2024/Commercial - Multifamily/Sedona 10_1",jpeg,4032,3024,4505504
"IMG_3596.jpeg","Cardinal/2024/Commercial - Multifamily/Sedona 10_1",jpeg,4032,3024,4927665
"IMG_3650.jpeg","Cardinal/2024/Commercial - Multifamily/Sedona 10_1",jpeg,4032,3024,5211154
"IMG_3666.jpeg","Cardinal/2024/Commercial - Multifamily/Sedona 10_1",jpeg,4032,3024,3595295
"IMG_4064.jpeg","Cardinal/2024/Commercial - Multifamily/Sedona 10_1",jpeg,4032,3024,4300618
"IMG_4072.jpeg","Cardinal/2024/Commercial - Multifamily/Sedona 10_1",jpeg,4032,3024,4147233
"IMG_4073.jpeg","Cardinal/2024/Commercial - Multifamily/Sedona 10_1",jpeg,4032,3024,4722247
"IMG_4065.jpeg","Cardinal/2024/Commercial - Multifamily/Sedona 10_1",jpeg,4032,3024,3210172
"IMG_3651.jpeg","Cardinal/2024/Commercial - Multifamily/Sedona 10_1",jpeg,4032,3024,5886509
"IMG_3597.jpeg","Cardinal/2024/Commercial - Multifamily/Sedona 10_1",jpeg,4032,3024,5105563
"IMG_4069.jpeg","Cardinal/2024/Commercial - Multifamily/Sedona 10_1",jpeg,4032,3024,4650205
"IMG_3725.jpeg","Cardinal/2024/Commercial - Multifamily/Sedona 10_1",jpeg,4032,3024,5433074
"IMG_3660.jpeg","Cardinal/2024/Commercial - Multifamily/Sedona 10_1",jpeg,4032,3024,5282902
"IMG_3637.jpeg","Cardinal/2024/Commercial - Multifamily/Sedona 10_1",jpeg,4032,3024,5162037
"IMG_4074.jpeg","Cardinal/2024/Commercial - Multifamily/Sedona 10_1",jpeg,4032,3024,3875920
"IMG_3729.jpeg","Cardinal/2024/Commercial - Multifamily/Sedona 10_1",jpeg,4032,3024,5518712
"IMG_3601.jpeg","Cardinal/2024/Commercial - Multifamily/Sedona 10_1",jpeg,4032,3024,4727182
"IMG_3590.jpeg","Cardinal/2024/Commercial - Multifamily/Sedona 10_1",jpeg,4032,3024,5891448
"IMG_3656.jpeg","Cardinal/2024/Commercial - Multifamily/Sedona 10_1",jpeg,4032,3024,6214507
"IMG_3640.jpeg","Cardinal/2024/Commercial - Multifamily/Sedona 10_1",jpeg,4032,3024,6023526
"IMG_3641.jpeg","Cardinal/2024/Commercial - Multifamily/Sedona 10_1",jpeg,4032,3024,5477101
"IMG_3657.jpeg","Cardinal/2024/Commercial - Multifamily/Sedona 10_1",jpeg,4032,3024,5621674
"IMG_3591.jpeg","Cardinal/2024/Commercial - Multifamily/Sedona 10_1",jpeg,4032,3024,6052686
"IMG_3600.jpeg","Cardinal/2024/Commercial - Multifamily/Sedona 10_1",jpeg,4032,3024,4579436
"IMG_3728.jpeg","Cardinal/2024/Commercial - Multifamily/Sedona 10_1",jpeg,4032,3024,5436827
"IMG_4075.jpeg","Cardinal/2024/Commercial - Multifamily/Sedona 10_1",jpeg,4032,3024,3498658
"IMG_3636.jpeg","Cardinal/2024/Commercial - Multifamily/Sedona 10_1",jpeg,4032,3024,6389605
"IMG_3661.jpeg","Cardinal/2024/Commercial - Multifamily/Sedona 10_1",jpeg,4032,3024,5405744
"8-Nov 13 2024 10_19am-zgAq.jpg","Cardinal/2024/Commercial - Multifamily/333 Prestonwood Dr - Richardson",jpg,2160,2880,1776611
"36-Dec 05 2024 02_26pm-L97h.jpg","Cardinal/2024/Commercial - Multifamily/333 Prestonwood Dr - Richardson",jpg,2882,2162,1677351
"35-Dec 05 2024 02_26pm-PVCL.jpg","Cardinal/2024/Commercial - Multifamily/333 Prestonwood Dr - Richardson",jpg,2882,2162,1469288
"25-Dec 05 2024 02_23pm-TDP3.jpg","Cardinal/2024/Commercial - Multifamily/333 Prestonwood Dr - Richardson",jpg,2160,2880,1896975
"23-Dec 05 2024 02_23pm-eoED.jpg","Cardinal/2024/Commercial - Multifamily/333 Prestonwood Dr - Richardson",jpg,2882,2162,1804566
"13-Dec 05 2024 02_21pm-W23L.jpg","Cardinal/2024/Commercial - Multifamily/333 Prestonwood Dr - Richardson",jpg,2882,2162,1715589
"27-Dec 05 2024 02_23pm-p8kV.jpg","Cardinal/2024/Commercial - Multifamily/333 Prestonwood Dr - Richardson",jpg,2882,2162,2069102
"9-Nov 13 2024 10_20am-GM4J.jpg","Cardinal/2024/Commercial - Multifamily/333 Prestonwood Dr - Richardson",jpg,2160,2880,1352699
"28-Dec 05 2024 02_23pm-ktXk.jpg","Cardinal/2024/Commercial - Multifamily/333 Prestonwood Dr - Richardson",jpg,2882,2162,2010602
"24-Dec 05 2024 02_23pm-TRne.jpg","Cardinal/2024/Commercial - Multifamily/333 Prestonwood Dr - Richardson",jpg,2160,2880,1205147
"2-Nov 13 2024 10_18am-BHQU.jpg","Cardinal/2024/Commercial - Multifamily/333 Prestonwood Dr - Richardson",jpg,2160,2880,1819647
"26-Dec 05 2024 02_23pm-QRaz.jpg","Cardinal/2024/Commercial - Multifamily/333 Prestonwood Dr - Richardson",jpg,2160,2880,1298502
"20-Dec 05 2024 02_22pm-bX3X.jpg","Cardinal/2024/Commercial - Multifamily/333 Prestonwood Dr - Richardson",jpg,2882,2162,1883929
"38-Dec 05 2024 02_27pm-TiSj.jpg","Cardinal/2024/Commercial - Multifamily/333 Prestonwood Dr - Richardson",jpg,2882,2162,1481333
"19-Dec 05 2024 02_22pm-7Nss.jpg","Cardinal/2024/Commercial - Multifamily/333 Prestonwood Dr - Richardson",jpg,2882,2162,1908751
"37-Dec 05 2024 02_27pm-vubM.jpg","Cardinal/2024/Commercial - Multifamily/333 Prestonwood Dr - Richardson",jpg,2160,2880,1086521
"33-Dec 05 2024 02_26pm-8i8k.jpg","Cardinal/2024/Commercial - Multifamily/333 Prestonwood Dr - Richardson",jpg,2882,2162,1488823
"31-Dec 05 2024 02_26pm-GdwQ.jpg","Cardinal/2024/Commercial - Multifamily/333 Prestonwood Dr - Richardson",jpg,2882,2162,1578823
"7-Nov 13 2024 10_18am-eVny.jpg","Cardinal/2024/Commercial - Multifamily/333 Prestonwood Dr - Richardson",jpg,2882,2162,925108
"3-Nov 13 2024 10_18am-sQMt.jpg","Cardinal/2024/Commercial - Multifamily/333 Prestonwood Dr - Richardson",jpg,2160,2880,1979695
"1-Nov 13 2024 10_18am-WEVH.jpg","Cardinal/2024/Commercial - Multifamily/333 Prestonwood Dr - Richardson",jpg,2160,2880,1548157
"14-Dec 05 2024 02_21pm-j5bD.jpg","Cardinal/2024/Commercial - Multifamily/333 Prestonwood Dr - Richardson",jpg,2160,2880,1924013
"11-Nov 13 2024 10_20am-STvt.jpg","Cardinal/2024/Commercial - Multifamily/333 Prestonwood Dr - Richardson",jpg,2882,2162,1456292
"4-Nov 13 2024 10_18am-wswu.jpg","Cardinal/2024/Commercial - Multifamily/333 Prestonwood Dr - Richardson",jpg,2160,2880,1712340
"12-Dec 05 2024 02_21pm-Cq3o.jpg","Cardinal/2024/Commercial - Multifamily/333 Prestonwood Dr - Richardson",jpg,2882,2162,1587603
"5-Nov 13 2024 10_18am-UEe7.jpg","Cardinal/2024/Commercial - Multifamily/333 Prestonwood Dr - Richardson",jpg,2882,2162,1774106
"22-Dec 05 2024 02_23pm-XZW1.jpg","Cardinal/2024/Commercial - Multifamily/333 Prestonwood Dr - Richardson",jpg,2882,2162,1840326
"17-Dec 05 2024 02_21pm-VaMV.jpg","Cardinal/2024/Commercial - Multifamily/333 Prestonwood Dr - Richardson",jpg,2160,2880,1076036
"21-Dec 05 2024 02_22pm-ySPz.jpg","Cardinal/2024/Commercial - Multifamily/333 Prestonwood Dr - Richardson",jpg,2882,2162,1700385
"30-Dec 05 2024 02_25pm-EHUz.jpg","Cardinal/2024/Commercial - Multifamily/333 Prestonwood Dr - Richardson",jpg,2882,2162,1501548
"32-Dec 05 2024 02_26pm-rQTR.jpg","Cardinal/2024/Commercial - Multifamily/333 Prestonwood Dr - Richardson",jpg,2882,2162,1675469
"39-Dec 05 2024 02_27pm-Y1ZN.jpg","Cardinal/2024/Commercial - Multifamily/333 Prestonwood Dr - Richardson",jpg,2882,2162,1338649
"29-Dec 05 2024 02_25pm-1EpU.jpg","Cardinal/2024/Commercial - Multifamily/333 Prestonwood Dr - Richardson",jpg,2882,2162,1763657
"15-Dec 05 2024 02_21pm-nPjQ.jpg","Cardinal/2024/Commercial - Multifamily/333 Prestonwood Dr - Richardson",jpg,2882,2162,1817012
"16-Dec 05 2024 02_21pm-HRuB.jpg","Cardinal/2024/Commercial - Multifamily/333 Prestonwood Dr - Richardson",jpg,2160,2880,1649628
"6-Nov 13 2024 10_18am-4u3d.jpg","Cardinal/2024/Commercial - Multifamily/333 Prestonwood Dr - Richardson",jpg,2882,2162,1546187
"18-Dec 05 2024 02_21pm-77WR.jpg","Cardinal/2024/Commercial - Multifamily/333 Prestonwood Dr - Richardson",jpg,2882,2162,2236768
"34-Dec 05 2024 02_26pm-bPHz.jpg","Cardinal/2024/Commercial - Multifamily/333 Prestonwood Dr - Richardson",jpg,2160,2880,1333649
"10-Nov 13 2024 10_20am-23bR.jpg","Cardinal/2024/Commercial - Multifamily/333 Prestonwood Dr - Richardson",jpg,2882,2162,1510912
"IMG_2979.HEIC","Cardinal/2024/Commercial - Multifamily/Heritage - 6-2024",heic,4032,3024,3331389
"IMG_3025.jpeg","Cardinal/2024/Commercial - Multifamily/Heritage - 6-2024",jpeg,4032,3024,5105490
"IMG_2884.HEIC","Cardinal/2024/Commercial - Multifamily/Heritage - 6-2024",heic,4032,3024,4631620
"IMG_2892.HEIC","Cardinal/2024/Commercial - Multifamily/Heritage - 6-2024",heic,4032,3024,3788867
"IMG_3033.jpeg","Cardinal/2024/Commercial - Multifamily/Heritage - 6-2024",jpeg,4032,3024,5996681
"IMG_2858.jpeg","Cardinal/2024/Commercial - Multifamily/Heritage - 6-2024",jpeg,4032,3024,5668884
"IMG_3041.HEIC","Cardinal/2024/Commercial - Multifamily/Heritage - 6-2024",heic,4032,3024,4157559
"IMG_2966.jpeg","Cardinal/2024/Commercial - Multifamily/Heritage - 6-2024",jpeg,4032,3024,2751990
"IMG_2862.jpeg","Cardinal/2024/Commercial - Multifamily/Heritage - 6-2024",jpeg,4032,3024,6254441
"IMG_2970.jpeg","Cardinal/2024/Commercial - Multifamily/Heritage - 6-2024",jpeg,4032,3024,3909579
"IMG_3029.jpeg","Cardinal/2024/Commercial - Multifamily/Heritage - 6-2024",jpeg,4032,3024,3425297
"IMG_2975.HEIC","Cardinal/2024/Commercial - Multifamily/Heritage - 6-2024",heic,4032,3024,3671357
"IMG_2867.HEIC","Cardinal/2024/Commercial - Multifamily/Heritage - 6-2024",heic,4032,3024,4129009
"IMG_2888.HEIC","Cardinal/2024/Commercial - Multifamily/Heritage - 6-2024",heic,4032,3024,3304630
"IMG_2854.jpeg","Cardinal/2024/Commercial - Multifamily/Heritage - 6-2024",jpeg,4032,3024,5922003
"IMG_2963.HEIC","Cardinal/2024/Commercial - Multifamily/Heritage - 6-2024",heic,4032,3024,2137079
"IMG_3036.HEIC","Cardinal/2024/Commercial - Multifamily/Heritage - 6-2024",heic,4032,3024,4908266
"IMG_2897.jpeg","Cardinal/2024/Commercial - Multifamily/Heritage - 6-2024",jpeg,4032,3024,4148750
"IMG_2878.jpeg","Cardinal/2024/Commercial - Multifamily/Heritage - 6-2024",jpeg,4032,3024,5520498
"IMG_2881.jpeg","Cardinal/2024/Commercial - Multifamily/Heritage - 6-2024",jpeg,4032,3024,6077303
"IMG_2959.HEIC","Cardinal/2024/Commercial - Multifamily/Heritage - 6-2024",heic,4032,3024,2999142
"IMG_2958.HEIC","Cardinal/2024/Commercial - Multifamily/Heritage - 6-2024",heic,4032,3024,3175058
"IMG_2880.jpeg","Cardinal/2024/Commercial - Multifamily/Heritage - 6-2024",jpeg,4032,3024,5823581
"IMG_2896.jpeg","Cardinal/2024/Commercial - Multifamily/Heritage - 6-2024",jpeg,4032,3024,5173789
"IMG_2879.jpeg","Cardinal/2024/Commercial - Multifamily/Heritage - 6-2024",jpeg,4032,3024,5545850
"IMG_3037.HEIC","Cardinal/2024/Commercial - Multifamily/Heritage - 6-2024",heic,4032,3024,4855762
"IMG_2962.HEIC","Cardinal/2024/Commercial - Multifamily/Heritage - 6-2024",heic,4032,3024,3633237
"IMG_4578.jpeg","Cardinal/2024/Commercial - Multifamily/Heritage - 6-2024",jpeg,4032,3024,4574785
"IMG_2855.jpeg","Cardinal/2024/Commercial - Multifamily/Heritage - 6-2024",jpeg,4032,3024,6051655
"IMG_2866.HEIC","Cardinal/2024/Commercial - Multifamily/Heritage - 6-2024",heic,4032,3024,3559330
"IMG_2889.HEIC","Cardinal/2024/Commercial - Multifamily/Heritage - 6-2024",heic,4032,3024,2531784
"IMG_3028.jpeg","Cardinal/2024/Commercial - Multifamily/Heritage - 6-2024",jpeg,4032,3024,6299962
"IMG_2974.HEIC","Cardinal/2024/Commercial - Multifamily/Heritage - 6-2024",heic,4032,3024,5378967
"IMG_2971.jpeg","Cardinal/2024/Commercial - Multifamily/Heritage - 6-2024",jpeg,4032,3024,4763263
"IMG_2863.jpeg","Cardinal/2024/Commercial - Multifamily/Heritage - 6-2024",jpeg,4032,3024,6553860
"IMG_2967.jpeg","Cardinal/2024/Commercial - Multifamily/Heritage - 6-2024",jpeg,4032,3024,5654970
"IMG_2859.jpeg","Cardinal/2024/Commercial - Multifamily/Heritage - 6-2024",jpeg,4032,3024,6307812
"IMG_3040.HEIC","Cardinal/2024/Commercial - Multifamily/Heritage - 6-2024",heic,4032,3024,3773544
"IMG_3032.jpeg","Cardinal/2024/Commercial - Multifamily/Heritage - 6-2024",jpeg,4032,3024,4718976
"IMG_2893.HEIC","Cardinal/2024/Commercial - Multifamily/Heritage - 6-2024",heic,4032,3024,4404238
"IMG_2885.HEIC","Cardinal/2024/Commercial - Multifamily/Heritage - 6-2024",heic,4032,3024,4672372
"IMG_2978.HEIC","Cardinal/2024/Commercial - Multifamily/Heritage - 6-2024",heic,4032,3024,4534507
"IMG_2973.HEIC","Cardinal/2024/Commercial - Multifamily/Heritage - 6-2024",heic,4032,3024,2107604
"IMG_2877.HEIC","Cardinal/2024/Commercial - Multifamily/Heritage - 6-2024",heic,4032,3024,4033732
"IMG_2965.HEIC","Cardinal/2024/Commercial - Multifamily/Heritage - 6-2024",heic,4032,3024,1484320
"IMG_3039.jpeg","Cardinal/2024/Commercial - Multifamily/Heritage - 6-2024",jpeg,4032,3024,3663671
"IMG_3030.HEIC","Cardinal/2024/Commercial - Multifamily/Heritage - 6-2024",heic,4032,3024,2173064
"IMG_3042.jpeg","Cardinal/2024/Commercial - Multifamily/Heritage - 6-2024",jpeg,4032,3024,6059214
"IMG_2891.jpeg","Cardinal/2024/Commercial - Multifamily/Heritage - 6-2024",jpeg,4032,3024,5378191
"IMG_2887.jpeg","Cardinal/2024/Commercial - Multifamily/Heritage - 6-2024",jpeg,4032,3024,5235033
"IMG_3026.HEIC","Cardinal/2024/Commercial - Multifamily/Heritage - 6-2024",heic,4032,3024,4121446
"IMG_2882.HEIC","Cardinal/2024/Commercial - Multifamily/Heritage - 6-2024",heic,4032,3024,4210429
"IMG_2894.HEIC","Cardinal/2024/Commercial - Multifamily/Heritage - 6-2024",heic,4032,3024,3800141
"IMG_3035.jpeg","Cardinal/2024/Commercial - Multifamily/Heritage - 6-2024",jpeg,4032,3024,5786130
"IMG_2969.HEIC","Cardinal/2024/Commercial - Multifamily/Heritage - 6-2024",heic,4032,3024,3746980
"IMG_2857.HEIC","Cardinal/2024/Commercial - Multifamily/Heritage - 6-2024",heic,4032,3024,4036954
"IMG_2960.jpeg","Cardinal/2024/Commercial - Multifamily/Heritage - 6-2024",jpeg,4032,3024,4039908
"IMG_2864.jpeg","Cardinal/2024/Commercial - Multifamily/Heritage - 6-2024",jpeg,4032,3024,5353613
"IMG_2976.jpeg","Cardinal/2024/Commercial - Multifamily/Heritage - 6-2024",jpeg,4032,3024,5705258
"IMG_2977.jpeg","Cardinal/2024/Commercial - Multifamily/Heritage - 6-2024",jpeg,4032,3024,6648314
"IMG_2961.jpeg","Cardinal/2024/Commercial - Multifamily/Heritage - 6-2024",jpeg,4032,3024,4298246
"IMG_2856.HEIC","Cardinal/2024/Commercial - Multifamily/Heritage - 6-2024",heic,4032,3024,3864089
"IMG_3034.jpeg","Cardinal/2024/Commercial - Multifamily/Heritage - 6-2024",jpeg,4032,3024,5457537
"IMG_2968.HEIC","Cardinal/2024/Commercial - Multifamily/Heritage - 6-2024",heic,4032,3024,3955999
"IMG_2895.HEIC","Cardinal/2024/Commercial - Multifamily/Heritage - 6-2024",heic,4032,3024,3455348
"IMG_2883.HEIC","Cardinal/2024/Commercial - Multifamily/Heritage - 6-2024",heic,4032,3024,4397797
"IMG_3027.HEIC","Cardinal/2024/Commercial - Multifamily/Heritage - 6-2024",heic,4032,3024,4004938
"IMG_2886.jpeg","Cardinal/2024/Commercial - Multifamily/Heritage - 6-2024",jpeg,4032,3024,5997532
"IMG_2890.jpeg","Cardinal/2024/Commercial - Multifamily/Heritage - 6-2024",jpeg,4032,3024,5521567
"IMG_4577.heic","Cardinal/2024/Commercial - Multifamily/Heritage - 6-2024",heic,4032,3024,3438531
"IMG_3031.HEIC","Cardinal/2024/Commercial - Multifamily/Heritage - 6-2024",heic,4032,3024,3860167
"IMG_2964.HEIC","Cardinal/2024/Commercial - Multifamily/Heritage - 6-2024",heic,4032,3024,1757697
"IMG_3038.jpeg","Cardinal/2024/Commercial - Multifamily/Heritage - 6-2024",jpeg,4032,3024,7114777
"IMG_2972.HEIC","Cardinal/2024/Commercial - Multifamily/Heritage - 6-2024",heic,4032,3024,1926301
"IMG_2978.jpeg","Cardinal/2024/Commercial - Multifamily/Heritage - 6-2024",jpeg,4032,3024,6237601
"IMG_2885.jpeg","Cardinal/2024/Commercial - Multifamily/Heritage - 6-2024",jpeg,4032,3024,6730395
"IMG_2893.jpeg","Cardinal/2024/Commercial - Multifamily/Heritage - 6-2024",jpeg,4032,3024,6197366
"IMG_2859.HEIC","Cardinal/2024/Commercial - Multifamily/Heritage - 6-2024",heic,4032,3024,4590608
"IMG_3040.jpeg","Cardinal/2024/Commercial - Multifamily/Heritage - 6-2024",jpeg,4032,3024,5329744
"IMG_3032.HEIC","Cardinal/2024/Commercial - Multifamily/Heritage - 6-2024",heic,4032,3024,3297497
"IMG_2967.HEIC","Cardinal/2024/Commercial - Multifamily/Heritage - 6-2024",heic,4032,3024,4042326
"IMG_2863.HEIC","Cardinal/2024/Commercial - Multifamily/Heritage - 6-2024",heic,4032,3024,4667049
"IMG_2971.HEIC","Cardinal/2024/Commercial - Multifamily/Heritage - 6-2024",heic,4032,3024,3273311
"IMG_3028.HEIC","Cardinal/2024/Commercial - Multifamily/Heritage - 6-2024",heic,4032,3024,4441614
"IMG_2974.jpeg","Cardinal/2024/Commercial - Multifamily/Heritage - 6-2024",jpeg,4032,3024,7473277
"IMG_2866.jpeg","Cardinal/2024/Commercial - Multifamily/Heritage - 6-2024",jpeg,4032,3024,5098135
"IMG_2889.jpeg","Cardinal/2024/Commercial - Multifamily/Heritage - 6-2024",jpeg,4032,3024,3783720
"IMG_2962.jpeg","Cardinal/2024/Commercial - Multifamily/Heritage - 6-2024",jpeg,4032,3024,5076875
"IMG_2855.HEIC","Cardinal/2024/Commercial - Multifamily/Heritage - 6-2024",heic,4032,3024,4340907
"IMG_4578.heic","Cardinal/2024/Commercial - Multifamily/Heritage - 6-2024",heic,4032,3024,3169661
"IMG_3037.jpeg","Cardinal/2024/Commercial - Multifamily/Heritage - 6-2024",jpeg,4032,3024,6861865
"IMG_2896.HEIC","Cardinal/2024/Commercial - Multifamily/Heritage - 6-2024",heic,4032,3024,3697765
"IMG_2879.HEIC","Cardinal/2024/Commercial - Multifamily/Heritage - 6-2024",heic,4032,3024,3896443
"IMG_2958.jpeg","Cardinal/2024/Commercial - Multifamily/Heritage - 6-2024",jpeg,4032,3024,4415423
"IMG_2880.HEIC","Cardinal/2024/Commercial - Multifamily/Heritage - 6-2024",heic,4032,3024,4160388
"IMG_2881.HEIC","Cardinal/2024/Commercial - Multifamily/Heritage - 6-2024",heic,4032,3024,4370163
"IMG_2959.jpeg","Cardinal/2024/Commercial - Multifamily/Heritage - 6-2024",jpeg,4032,3024,4520607
"IMG_2897.HEIC","Cardinal/2024/Commercial - Multifamily/Heritage - 6-2024",heic,4032,3024,2869871
"IMG_2878.HEIC","Cardinal/2024/Commercial - Multifamily/Heritage - 6-2024",heic,4032,3024,3896398
"IMG_3036.jpeg","Cardinal/2024/Commercial - Multifamily/Heritage - 6-2024",jpeg,4032,3024,7105576
"IMG_2854.HEIC","Cardinal/2024/Commercial - Multifamily/Heritage - 6-2024",heic,4032,3024,4241348
"IMG_2963.jpeg","Cardinal/2024/Commercial - Multifamily/Heritage - 6-2024",jpeg,4032,3024,3309745
"IMG_2867.jpeg","Cardinal/2024/Commercial - Multifamily/Heritage - 6-2024",jpeg,4032,3024,5877326
"IMG_2888.jpeg","Cardinal/2024/Commercial - Multifamily/Heritage - 6-2024",jpeg,4032,3024,4730170
"IMG_3029.HEIC","Cardinal/2024/Commercial - Multifamily/Heritage - 6-2024",heic,4032,3024,2256302
"IMG_2975.jpeg","Cardinal/2024/Commercial - Multifamily/Heritage - 6-2024",jpeg,4032,3024,5382058
"IMG_2970.HEIC","Cardinal/2024/Commercial - Multifamily/Heritage - 6-2024",heic,4032,3024,2429250
"IMG_2862.HEIC","Cardinal/2024/Commercial - Multifamily/Heritage - 6-2024",heic,4032,3024,4417764
"IMG_2966.HEIC","Cardinal/2024/Commercial - Multifamily/Heritage - 6-2024",heic,4032,3024,1509955
"IMG_3033.HEIC","Cardinal/2024/Commercial - Multifamily/Heritage - 6-2024",heic,4032,3024,4373220
"IMG_2858.HEIC","Cardinal/2024/Commercial - Multifamily/Heritage - 6-2024",heic,4032,3024,4021605
"IMG_3041.jpeg","Cardinal/2024/Commercial - Multifamily/Heritage - 6-2024",jpeg,4032,3024,5765925
"IMG_2892.jpeg","Cardinal/2024/Commercial - Multifamily/Heritage - 6-2024",jpeg,4032,3024,5345909
"IMG_2884.jpeg","Cardinal/2024/Commercial - Multifamily/Heritage - 6-2024",jpeg,4032,3024,6423014
"IMG_2979.jpeg","Cardinal/2024/Commercial - Multifamily/Heritage - 6-2024",jpeg,4032,3024,4934385
"IMG_3025.HEIC","Cardinal/2024/Commercial - Multifamily/Heritage - 6-2024",heic,4032,3024,3616029
"IMG_2972.jpeg","Cardinal/2024/Commercial - Multifamily/Heritage - 6-2024",jpeg,4032,3024,3374188
"IMG_2964.jpeg","Cardinal/2024/Commercial - Multifamily/Heritage - 6-2024",jpeg,4032,3024,3090160
"IMG_3038.HEIC","Cardinal/2024/Commercial - Multifamily/Heritage - 6-2024",heic,4032,3024,5094848
"IMG_4577.jpeg","Cardinal/2024/Commercial - Multifamily/Heritage - 6-2024",jpeg,4032,3024,5159028
"IMG_3031.jpeg","Cardinal/2024/Commercial - Multifamily/Heritage - 6-2024",jpeg,4032,3024,5442958
"IMG_2890.HEIC","Cardinal/2024/Commercial - Multifamily/Heritage - 6-2024",heic,4032,3024,3952628
"IMG_2886.HEIC","Cardinal/2024/Commercial - Multifamily/Heritage - 6-2024",heic,4032,3024,4295953
"IMG_3027.jpeg","Cardinal/2024/Commercial - Multifamily/Heritage - 6-2024",jpeg,4032,3024,5722447
"IMG_2883.jpeg","Cardinal/2024/Commercial - Multifamily/Heritage - 6-2024",jpeg,4032,3024,6191436
"IMG_2895.jpeg","Cardinal/2024/Commercial - Multifamily/Heritage - 6-2024",jpeg,4032,3024,4966078
"IMG_3034.HEIC","Cardinal/2024/Commercial - Multifamily/Heritage - 6-2024",heic,4032,3024,3964832
"IMG_2968.jpeg","Cardinal/2024/Commercial - Multifamily/Heritage - 6-2024",jpeg,4032,3024,5587139
"IMG_2961.HEIC","Cardinal/2024/Commercial - Multifamily/Heritage - 6-2024",heic,4032,3024,2868450
"IMG_2856.jpeg","Cardinal/2024/Commercial - Multifamily/Heritage - 6-2024",jpeg,4032,3024,5453143
"IMG_2977.HEIC","Cardinal/2024/Commercial - Multifamily/Heritage - 6-2024",heic,4032,3024,4833386
"IMG_2976.HEIC","Cardinal/2024/Commercial - Multifamily/Heritage - 6-2024",heic,4032,3024,4039807
"IMG_2864.HEIC","Cardinal/2024/Commercial - Multifamily/Heritage - 6-2024",heic,4032,3024,3874771
"IMG_2857.jpeg","Cardinal/2024/Commercial - Multifamily/Heritage - 6-2024",jpeg,4032,3024,5621370
"IMG_2960.HEIC","Cardinal/2024/Commercial - Multifamily/Heritage - 6-2024",heic,4032,3024,2662568
"IMG_3035.HEIC","Cardinal/2024/Commercial - Multifamily/Heritage - 6-2024",heic,4032,3024,4170142
"IMG_2969.jpeg","Cardinal/2024/Commercial - Multifamily/Heritage - 6-2024",jpeg,4032,3024,5478731
"IMG_2894.jpeg","Cardinal/2024/Commercial - Multifamily/Heritage - 6-2024",jpeg,4032,3024,5496148
"IMG_2882.jpeg","Cardinal/2024/Commercial - Multifamily/Heritage - 6-2024",jpeg,4032,3024,5922427
"IMG_3026.jpeg","Cardinal/2024/Commercial - Multifamily/Heritage - 6-2024",jpeg,4032,3024,5996912
"IMG_2887.HEIC","Cardinal/2024/Commercial - Multifamily/Heritage - 6-2024",heic,4032,3024,3784572
"IMG_2891.HEIC","Cardinal/2024/Commercial - Multifamily/Heritage - 6-2024",heic,4032,3024,3893731
"IMG_3030.jpeg","Cardinal/2024/Commercial - Multifamily/Heritage - 6-2024",jpeg,4032,3024,3383923
"IMG_3042.HEIC","Cardinal/2024/Commercial - Multifamily/Heritage - 6-2024",heic,4032,3024,4275479
"IMG_2965.jpeg","Cardinal/2024/Commercial - Multifamily/Heritage - 6-2024",jpeg,4032,3024,2699242
"IMG_3039.HEIC","Cardinal/2024/Commercial - Multifamily/Heritage - 6-2024",heic,4032,3024,2404170
"IMG_2877.jpeg","Cardinal/2024/Commercial - Multifamily/Heritage - 6-2024",jpeg,4032,3024,5726981
"IMG_2973.jpeg","Cardinal/2024/Commercial - Multifamily/Heritage - 6-2024",jpeg,4032,3024,3527645
"IMG_2353.HEIC","Cardinal/2024/Commercial - Multifamily/Alena - 4-17-24",heic,4032,3024,4204085
"IMG_2355(1).HEIC","Cardinal/2024/Commercial - Multifamily/Alena - 4-17-24",heic,4032,3024,3927993
"IMG_2360.jpeg","Cardinal/2024/Commercial - Multifamily/Alena - 4-17-24",jpeg,4032,3024,5689645
"IMG_2345.HEIC","Cardinal/2024/Commercial - Multifamily/Alena - 4-17-24",heic,4032,3024,3578544
"IMG_2349.HEIC","Cardinal/2024/Commercial - Multifamily/Alena - 4-17-24",heic,4032,3024,4331121
"IMG_2356.jpeg","Cardinal/2024/Commercial - Multifamily/Alena - 4-17-24",jpeg,4032,3024,4481307
"IMG_2357.jpeg","Cardinal/2024/Commercial - Multifamily/Alena - 4-17-24",jpeg,4032,3024,5026147
"IMG_2348.HEIC","Cardinal/2024/Commercial - Multifamily/Alena - 4-17-24",heic,4032,3024,3517349
"IMG_2354(1).HEIC","Cardinal/2024/Commercial - Multifamily/Alena - 4-17-24",heic,4032,3024,3901614
"IMG_2344.HEIC","Cardinal/2024/Commercial - Multifamily/Alena - 4-17-24",heic,4032,3024,3887721
"IMG_2361.jpeg","Cardinal/2024/Commercial - Multifamily/Alena - 4-17-24",jpeg,4032,3024,6957424
"IMG_2352.HEIC","Cardinal/2024/Commercial - Multifamily/Alena - 4-17-24",heic,4032,3024,4531017
"IMG_2359.HEIC","Cardinal/2024/Commercial - Multifamily/Alena - 4-17-24",heic,4032,3024,3975342
"IMG_2350(1).jpeg","Cardinal/2024/Commercial - Multifamily/Alena - 4-17-24",jpeg,4032,3024,6256116
"IMG_2346.jpeg","Cardinal/2024/Commercial - Multifamily/Alena - 4-17-24",jpeg,4032,3024,6021016
"IMG_2350.jpeg","Cardinal/2024/Commercial - Multifamily/Alena - 4-17-24",jpeg,4032,3024,6256116
"IMG_2355.HEIC","Cardinal/2024/Commercial - Multifamily/Alena - 4-17-24",heic,4032,3024,3927993
"IMG_2356(1).HEIC","Cardinal/2024/Commercial - Multifamily/Alena - 4-17-24",heic,4032,3024,3062011
"IMG_2343.HEIC","Cardinal/2024/Commercial - Multifamily/Alena - 4-17-24",heic,4032,3024,4222922
"IMG_2357(1).HEIC","Cardinal/2024/Commercial - Multifamily/Alena - 4-17-24",heic,4032,3024,3563899
"IMG_2354.HEIC","Cardinal/2024/Commercial - Multifamily/Alena - 4-17-24",heic,4032,3024,3901614
"IMG_2351.jpeg","Cardinal/2024/Commercial - Multifamily/Alena - 4-17-24",jpeg,4032,3024,6283398
"IMG_2347.jpeg","Cardinal/2024/Commercial - Multifamily/Alena - 4-17-24",jpeg,4032,3024,3964012
"IMG_2358.HEIC","Cardinal/2024/Commercial - Multifamily/Alena - 4-17-24",heic,4032,3024,3566846
"IMG_2352.jpeg","Cardinal/2024/Commercial - Multifamily/Alena - 4-17-24",jpeg,4032,3024,6454510
"IMG_2361.HEIC","Cardinal/2024/Commercial - Multifamily/Alena - 4-17-24",heic,4032,3024,5064972
"IMG_2354(1).jpeg","Cardinal/2024/Commercial - Multifamily/Alena - 4-17-24",jpeg,4032,3024,5429479
"IMG_2357.HEIC","Cardinal/2024/Commercial - Multifamily/Alena - 4-17-24",heic,4032,3024,3563899
"IMG_2356.HEIC","Cardinal/2024/Commercial - Multifamily/Alena - 4-17-24",heic,4032,3024,3062011
"IMG_2349.jpeg","Cardinal/2024/Commercial - Multifamily/Alena - 4-17-24",jpeg,4032,3024,6103076
"IMG_2360.HEIC","Cardinal/2024/Commercial - Multifamily/Alena - 4-17-24",heic,4032,3024,3981512
"IMG_2355(1).jpeg","Cardinal/2024/Commercial - Multifamily/Alena - 4-17-24",jpeg,4032,3024,5537994
"IMG_2353.jpeg","Cardinal/2024/Commercial - Multifamily/Alena - 4-17-24",jpeg,4032,3024,5916314
"IMG_2358.jpeg","Cardinal/2024/Commercial - Multifamily/Alena - 4-17-24",jpeg,4032,3024,5187264
"IMG_2347.HEIC","Cardinal/2024/Commercial - Multifamily/Alena - 4-17-24",heic,4032,3024,2731748
"IMG_2351.HEIC","Cardinal/2024/Commercial - Multifamily/Alena - 4-17-24",heic,4032,3024,4519963
"IMG_2354.jpeg","Cardinal/2024/Commercial - Multifamily/Alena - 4-17-24",jpeg,4032,3024,5429479
"IMG_2357(1).jpeg","Cardinal/2024/Commercial - Multifamily/Alena - 4-17-24",jpeg,4032,3024,5026147
"IMG_2343.jpeg","Cardinal/2024/Commercial - Multifamily/Alena - 4-17-24",jpeg,4032,3024,5825571
"IMG_2356(1).jpeg","Cardinal/2024/Commercial - Multifamily/Alena - 4-17-24",jpeg,4032,3024,4481307
"IMG_2355.jpeg","Cardinal/2024/Commercial - Multifamily/Alena - 4-17-24",jpeg,4032,3024,5537994
"IMG_2350.HEIC","Cardinal/2024/Commercial - Multifamily/Alena - 4-17-24",heic,4032,3024,4466969
"IMG_2346.HEIC","Cardinal/2024/Commercial - Multifamily/Alena - 4-17-24",heic,4032,3024,4024260
"IMG_2350(1).HEIC","Cardinal/2024/Commercial - Multifamily/Alena - 4-17-24",heic,4032,3024,4466969
"IMG_2359.jpeg","Cardinal/2024/Commercial - Multifamily/Alena - 4-17-24",jpeg,4032,3024,5651071
"IMG_1673.jpeg","Cardinal/2024/Commercial - Multifamily/The Carmel - 12-13-23",jpeg,4032,3024,6023746
"IMG_1683.HEIC","Cardinal/2024/Commercial - Multifamily/The Carmel - 12-13-23",heic,4032,3024,3386399
"Copy of IMG_1663.HEIC","Cardinal/2024/Commercial - Multifamily/The Carmel - 12-13-23",heic,4032,3024,3847989
"IMG_1669.jpeg","Cardinal/2024/Commercial - Multifamily/The Carmel - 12-13-23",jpeg,4032,3024,3564524
"IMG_1660.HEIC","Cardinal/2024/Commercial - Multifamily/The Carmel - 12-13-23",heic,4032,3024,3802555
"IMG_1676.HEIC","Cardinal/2024/Commercial - Multifamily/The Carmel - 12-13-23",heic,4032,3024,4129730
"IMG_1661.HEIC","Cardinal/2024/Commercial - Multifamily/The Carmel - 12-13-23",heic,4032,3024,3628656
"Copy of IMG_1671.jpeg","Cardinal/2024/Commercial - Multifamily/The Carmel - 12-13-23",jpeg,4032,3024,5671574
"IMG_1668.jpeg","Cardinal/2024/Commercial - Multifamily/The Carmel - 12-13-23",jpeg,4032,3024,4263113
"Copy of IMG_1662.HEIC","Cardinal/2024/Commercial - Multifamily/The Carmel - 12-13-23",heic,4032,3024,3582755
"IMG_1682.HEIC","Cardinal/2024/Commercial - Multifamily/The Carmel - 12-13-23",heic,4032,3024,4868061
"Copy of IMG_1658.HEIC","Cardinal/2024/Commercial - Multifamily/The Carmel - 12-13-23",heic,4032,3024,3495046
"IMG_1664.jpeg","Cardinal/2024/Commercial - Multifamily/The Carmel - 12-13-23",jpeg,4032,3024,5782609
"IMG_1672.jpeg","Cardinal/2024/Commercial - Multifamily/The Carmel - 12-13-23",jpeg,4032,3024,6010808
"IMG_1679.jpeg","Cardinal/2024/Commercial - Multifamily/The Carmel - 12-13-23",jpeg,4032,3024,4070200
"IMG_1680.jpeg","Cardinal/2024/Commercial - Multifamily/The Carmel - 12-13-23",jpeg,4032,3024,5157679
"IMG_1666.HEIC","Cardinal/2024/Commercial - Multifamily/The Carmel - 12-13-23",heic,4032,3024,4471758
"IMG_1670.HEIC","Cardinal/2024/Commercial - Multifamily/The Carmel - 12-13-23",heic,4032,3024,3891185
"IMG_1675.jpeg","Cardinal/2024/Commercial - Multifamily/The Carmel - 12-13-23",jpeg,4032,3024,5413480
"Copy of IMG_1665.HEIC","Cardinal/2024/Commercial - Multifamily/The Carmel - 12-13-23",heic,4032,3024,3391596
"IMG_1659.jpeg","Cardinal/2024/Commercial - Multifamily/The Carmel - 12-13-23",jpeg,4032,3024,5857407
"IMG_1674.jpeg","Cardinal/2024/Commercial - Multifamily/The Carmel - 12-13-23",jpeg,4032,3024,5912743
"IMG_1667.HEIC","Cardinal/2024/Commercial - Multifamily/The Carmel - 12-13-23",heic,4032,3024,3912027
"Copy of IMG_1677.jpeg","Cardinal/2024/Commercial - Multifamily/The Carmel - 12-13-23",jpeg,4032,3024,6574379
"IMG_1681.jpeg","Cardinal/2024/Commercial - Multifamily/The Carmel - 12-13-23",jpeg,4032,3024,5663693
"IMG_1678.jpeg","Cardinal/2024/Commercial - Multifamily/The Carmel - 12-13-23",jpeg,4032,3024,6516829
"IMG_1672.HEIC","Cardinal/2024/Commercial - Multifamily/The Carmel - 12-13-23",heic,4032,3024,4176637
"IMG_1664.HEIC","Cardinal/2024/Commercial - Multifamily/The Carmel - 12-13-23",heic,4032,3024,4105696
"Copy of IMG_1658.jpeg","Cardinal/2024/Commercial - Multifamily/The Carmel - 12-13-23",jpeg,4032,3024,5000294
"IMG_1682.jpeg","Cardinal/2024/Commercial - Multifamily/The Carmel - 12-13-23",jpeg,4032,3024,6957296
"Copy of IMG_1662.jpeg","Cardinal/2024/Commercial - Multifamily/The Carmel - 12-13-23",jpeg,4032,3024,5006032
"Copy of IMG_1671.HEIC","Cardinal/2024/Commercial - Multifamily/The Carmel - 12-13-23",heic,4032,3024,4074427
"IMG_1668.HEIC","Cardinal/2024/Commercial - Multifamily/The Carmel - 12-13-23",heic,4032,3024,3070484
"IMG_1661.jpeg","Cardinal/2024/Commercial - Multifamily/The Carmel - 12-13-23",jpeg,4032,3024,5199378
"IMG_1676.jpeg","Cardinal/2024/Commercial - Multifamily/The Carmel - 12-13-23",jpeg,4032,3024,5830356
"IMG_1660.jpeg","Cardinal/2024/Commercial - Multifamily/The Carmel - 12-13-23",jpeg,4032,3024,5430112
"IMG_1669.HEIC","Cardinal/2024/Commercial - Multifamily/The Carmel - 12-13-23",heic,4032,3024,2281142
"Copy of IMG_1663.jpeg","Cardinal/2024/Commercial - Multifamily/The Carmel - 12-13-23",jpeg,4032,3024,5351825
"IMG_1683.jpeg","Cardinal/2024/Commercial - Multifamily/The Carmel - 12-13-23",jpeg,4032,3024,5018325
"IMG_1673.HEIC","Cardinal/2024/Commercial - Multifamily/The Carmel - 12-13-23",heic,4032,3024,4337647
"IMG_1678.HEIC","Cardinal/2024/Commercial - Multifamily/The Carmel - 12-13-23",heic,4032,3024,4604014
"Copy of IMG_1677.HEIC","Cardinal/2024/Commercial - Multifamily/The Carmel - 12-13-23",heic,4032,3024,4810446
"IMG_1681.HEIC","Cardinal/2024/Commercial - Multifamily/The Carmel - 12-13-23",heic,4032,3024,3982777
"IMG_1667.jpeg","Cardinal/2024/Commercial - Multifamily/The Carmel - 12-13-23",jpeg,4032,3024,5543987
"IMG_1674.HEIC","Cardinal/2024/Commercial - Multifamily/The Carmel - 12-13-23",heic,4032,3024,4256884
"IMG_1659.HEIC","Cardinal/2024/Commercial - Multifamily/The Carmel - 12-13-23",heic,4032,3024,4184541
"Copy of IMG_1665.jpeg","Cardinal/2024/Commercial - Multifamily/The Carmel - 12-13-23",jpeg,4032,3024,4921722
"IMG_1675.HEIC","Cardinal/2024/Commercial - Multifamily/The Carmel - 12-13-23",heic,4032,3024,3804240
"IMG_1670.jpeg","Cardinal/2024/Commercial - Multifamily/The Carmel - 12-13-23",jpeg,4032,3024,5305483
"IMG_1666.jpeg","Cardinal/2024/Commercial - Multifamily/The Carmel - 12-13-23",jpeg,4032,3024,6123474
"IMG_1680.HEIC","Cardinal/2024/Commercial - Multifamily/The Carmel - 12-13-23",heic,4032,3024,3584766
"IMG_1679.HEIC","Cardinal/2024/Commercial - Multifamily/The Carmel - 12-13-23",heic,4032,3024,2839090
"IMG_1307.jpeg","Cardinal/2024/Commercial - Multifamily/Post construction",jpeg,4032,3024,3510131
"IMG_1311.jpeg","Cardinal/2024/Commercial - Multifamily/Post construction",jpeg,4032,3024,4128356
"IMG_1310.jpeg","Cardinal/2024/Commercial - Multifamily/Post construction",jpeg,4032,3024,3076173
"IMG_1306.jpeg","Cardinal/2024/Commercial - Multifamily/Post construction",jpeg,4032,3024,6057967
"IMG_1309.jpeg","Cardinal/2024/Commercial - Multifamily/Post construction",jpeg,4032,3024,5695812
"IMG_1305.jpeg","Cardinal/2024/Commercial - Multifamily/Post construction",jpeg,4032,3024,6018178
"IMG_1304.jpeg","Cardinal/2024/Commercial - Multifamily/Post construction",jpeg,4032,3024,5113520
"IMG_1312.jpeg","Cardinal/2024/Commercial - Multifamily/Post construction",jpeg,4032,3024,4629525
"IMG_1308.jpeg","Cardinal/2024/Commercial - Multifamily/Post construction",jpeg,4032,3024,3873295
"IMG_1986.HEIC","Cardinal/2024/Commercial - Multifamily/Cloisters - 4",heic,4032,3024,4621952
"IMG_1983.jpeg","Cardinal/2024/Commercial - Multifamily/Cloisters - 4",jpeg,4032,3024,5843519
"IMG_1982.jpeg","Cardinal/2024/Commercial - Multifamily/Cloisters - 4",jpeg,4032,3024,5528239
"IMG_1977.jpeg","Cardinal/2024/Commercial - Multifamily/Cloisters - 4",jpeg,4032,3024,6889746
"IMG_1987.HEIC","Cardinal/2024/Commercial - Multifamily/Cloisters - 4",heic,4032,3024,5032725
"IMG_1985.jpeg","Cardinal/2024/Commercial - Multifamily/Cloisters - 4",jpeg,4032,3024,6702832
"IMG_1980.HEIC","Cardinal/2024/Commercial - Multifamily/Cloisters - 4",heic,4032,3024,4343799
"IMG_1979.HEIC","Cardinal/2024/Commercial - Multifamily/Cloisters - 4",heic,4032,3024,5231898
"IMG_1989.jpeg","Cardinal/2024/Commercial - Multifamily/Cloisters - 4",jpeg,4032,3024,7253700
"IMG_1988.jpeg","Cardinal/2024/Commercial - Multifamily/Cloisters - 4",jpeg,4032,3024,7258810
"IMG_1978.HEIC","Cardinal/2024/Commercial - Multifamily/Cloisters - 4",heic,4032,3024,5086856
"IMG_1981.HEIC","Cardinal/2024/Commercial - Multifamily/Cloisters - 4",heic,4032,3024,4128960
"IMG_1984.jpeg","Cardinal/2024/Commercial - Multifamily/Cloisters - 4",jpeg,4032,3024,6676066
"IMG_1987.jpeg","Cardinal/2024/Commercial - Multifamily/Cloisters - 4",jpeg,4032,3024,6900231
"IMG_1977.HEIC","Cardinal/2024/Commercial - Multifamily/Cloisters - 4",heic,4032,3024,4911764
"IMG_1982.HEIC","Cardinal/2024/Commercial - Multifamily/Cloisters - 4",heic,4032,3024,3725572
"IMG_1983.HEIC","Cardinal/2024/Commercial - Multifamily/Cloisters - 4",heic,4032,3024,3985960
"IMG_1976.HEIC","Cardinal/2024/Commercial - Multifamily/Cloisters - 4",heic,4032,3024,4842353
"IMG_1986.jpeg","Cardinal/2024/Commercial - Multifamily/Cloisters - 4",jpeg,4032,3024,6238113
"IMG_1984.HEIC","Cardinal/2024/Commercial - Multifamily/Cloisters - 4",heic,4032,3024,4951980
"IMG_1981.jpeg","Cardinal/2024/Commercial - Multifamily/Cloisters - 4",jpeg,4032,3024,5795102
"IMG_1978.jpeg","Cardinal/2024/Commercial - Multifamily/Cloisters - 4",jpeg,4032,3024,7013988
"IMG_1988.HEIC","Cardinal/2024/Commercial - Multifamily/Cloisters - 4",heic,4032,3024,5222092
"IMG_1989.HEIC","Cardinal/2024/Commercial - Multifamily/Cloisters - 4",heic,4032,3024,5245824
"IMG_1979.jpeg","Cardinal/2024/Commercial - Multifamily/Cloisters - 4",jpeg,4032,3024,7290040
"IMG_1980.jpeg","Cardinal/2024/Commercial - Multifamily/Cloisters - 4",jpeg,4032,3024,6129571
"IMG_1985.HEIC","Cardinal/2024/Commercial - Multifamily/Cloisters - 4",heic,4032,3024,4947336
"IMG_1416.HEIC","Cardinal/2024/Commercial - Multifamily/Northgate - 11-15-23",heic,4032,3024,2557230
"IMG_1413.jpeg","Cardinal/2024/Commercial - Multifamily/Northgate - 11-15-23",jpeg,4032,3024,4571467
"IMG_1420.HEIC","Cardinal/2024/Commercial - Multifamily/Northgate - 11-15-23",heic,4032,3024,1874664
"IMG_1421.HEIC","Cardinal/2024/Commercial - Multifamily/Northgate - 11-15-23",heic,4032,3024,2255057
"IMG_1417.HEIC","Cardinal/2024/Commercial - Multifamily/Northgate - 11-15-23",heic,4032,3024,2952841
"IMG_1424.jpeg","Cardinal/2024/Commercial - Multifamily/Northgate - 11-15-23",jpeg,4032,3024,4771864
"IMG_1415.jpeg","Cardinal/2024/Commercial - Multifamily/Northgate - 11-15-23",jpeg,4032,3024,4608199
"IMG_1419.jpeg","Cardinal/2024/Commercial - Multifamily/Northgate - 11-15-23",jpeg,4032,3024,4566114
"IMG_1423.jpeg","Cardinal/2024/Commercial - Multifamily/Northgate - 11-15-23",jpeg,4032,3024,2206160
"IMG_1422.jpeg","Cardinal/2024/Commercial - Multifamily/Northgate - 11-15-23",jpeg,4032,3024,2212438
"IMG_1418.jpeg","Cardinal/2024/Commercial - Multifamily/Northgate - 11-15-23",jpeg,4032,3024,6104614
"IMG_1414.jpeg","Cardinal/2024/Commercial - Multifamily/Northgate - 11-15-23",jpeg,4032,3024,5209677
"IMG_1424.HEIC","Cardinal/2024/Commercial - Multifamily/Northgate - 11-15-23",heic,4032,3024,3154333
"IMG_1417.jpeg","Cardinal/2024/Commercial - Multifamily/Northgate - 11-15-23",jpeg,4032,3024,4286998
"IMG_1421.jpeg","Cardinal/2024/Commercial - Multifamily/Northgate - 11-15-23",jpeg,4032,3024,3436773
"IMG_1420.jpeg","Cardinal/2024/Commercial - Multifamily/Northgate - 11-15-23",jpeg,4032,3024,3208960
"IMG_1413.HEIC","Cardinal/2024/Commercial - Multifamily/Northgate - 11-15-23",heic,4032,3024,3133840
"IMG_1416.jpeg","Cardinal/2024/Commercial - Multifamily/Northgate - 11-15-23",jpeg,4032,3024,3727695
"IMG_1414.HEIC","Cardinal/2024/Commercial - Multifamily/Northgate - 11-15-23",heic,4032,3024,3706964
"IMG_1418.HEIC","Cardinal/2024/Commercial - Multifamily/Northgate - 11-15-23",heic,4032,3024,4258551
"IMG_1422.HEIC","Cardinal/2024/Commercial - Multifamily/Northgate - 11-15-23",heic,4032,3024,1286695
"IMG_1423.HEIC","Cardinal/2024/Commercial - Multifamily/Northgate - 11-15-23",heic,4032,3024,1272983
"IMG_1419.HEIC","Cardinal/2024/Commercial - Multifamily/Northgate - 11-15-23",heic,4032,3024,3117840
"IMG_1415.HEIC","Cardinal/2024/Commercial - Multifamily/Northgate - 11-15-23",heic,4032,3024,3060566
"IMG_1929.JPG","Cardinal/2024/Commercial - Multifamily/Cloisters - Drainage",jpg,4032,3024,6710312
"IMG_1928.JPG","Cardinal/2024/Commercial - Multifamily/Cloisters - Drainage",jpg,4032,3024,6403255
"IMG_1937.jpeg","Cardinal/2024/Commercial - Multifamily/Cloisters - Drainage",jpeg,4032,3024,7192324
"IMG_1945.HEIC","Cardinal/2024/Commercial - Multifamily/Cloisters - Drainage",heic,4032,3024,4520415
"IMG_1932.HEIC","Cardinal/2024/Commercial - Multifamily/Cloisters - Drainage",heic,4032,3024,4623226
"IMG_1940.jpeg","Cardinal/2024/Commercial - Multifamily/Cloisters - Drainage",jpeg,4032,3024,5647910
"IMG_1941.jpeg","Cardinal/2024/Commercial - Multifamily/Cloisters - Drainage",jpeg,4032,3024,6784773
"IMG_1933.HEIC","Cardinal/2024/Commercial - Multifamily/Cloisters - Drainage",heic,4032,3024,4786873
"IMG_1944.HEIC","Cardinal/2024/Commercial - Multifamily/Cloisters - Drainage",heic,4032,3024,4643598
"IMG_1936.jpeg","Cardinal/2024/Commercial - Multifamily/Cloisters - Drainage",jpeg,4032,3024,5651596
"IMG_1934.HEIC","Cardinal/2024/Commercial - Multifamily/Cloisters - Drainage",heic,4032,3024,4350810
"IMG_1946.jpeg","Cardinal/2024/Commercial - Multifamily/Cloisters - Drainage",jpeg,4032,3024,6380356
"IMG_1938.HEIC","Cardinal/2024/Commercial - Multifamily/Cloisters - Drainage",heic,4032,3024,3920877
"IMG_1927.jpeg","Cardinal/2024/Commercial - Multifamily/Cloisters - Drainage",jpeg,4032,3024,6318630
"IMG_1931.jpeg","Cardinal/2024/Commercial - Multifamily/Cloisters - Drainage",jpeg,4032,3024,7215641
"IMG_1943.HEIC","Cardinal/2024/Commercial - Multifamily/Cloisters - Drainage",heic,4032,3024,4294817
"IMG_1942.HEIC","Cardinal/2024/Commercial - Multifamily/Cloisters - Drainage",heic,4032,3024,4380378
"IMG_1930.jpeg","Cardinal/2024/Commercial - Multifamily/Cloisters - Drainage",jpeg,4032,3024,6250010
"IMG_1926.jpeg","Cardinal/2024/Commercial - Multifamily/Cloisters - Drainage",jpeg,4032,3024,6418822
"IMG_1939.HEIC","Cardinal/2024/Commercial - Multifamily/Cloisters - Drainage",heic,4032,3024,4004516
"IMG_1947.jpeg","Cardinal/2024/Commercial - Multifamily/Cloisters - Drainage",jpeg,4032,3024,6179460
"IMG_1935.HEIC","Cardinal/2024/Commercial - Multifamily/Cloisters - Drainage",heic,4032,3024,4414615
"IMG_1929.jpeg","Cardinal/2024/Commercial - Multifamily/Cloisters - Drainage",jpeg,4032,3024,6818841
"IMG_1944.jpeg","Cardinal/2024/Commercial - Multifamily/Cloisters - Drainage",jpeg,4032,3024,6635773
"IMG_1936.HEIC","Cardinal/2024/Commercial - Multifamily/Cloisters - Drainage",heic,4032,3024,4013943
"IMG_1941.HEIC","Cardinal/2024/Commercial - Multifamily/Cloisters - Drainage",heic,4032,3024,4723615
"IMG_1933.jpeg","Cardinal/2024/Commercial - Multifamily/Cloisters - Drainage",jpeg,4032,3024,6943174
"IMG_1925.jpeg","Cardinal/2024/Commercial - Multifamily/Cloisters - Drainage",jpeg,4032,3024,6761003
"IMG_1932.jpeg","Cardinal/2024/Commercial - Multifamily/Cloisters - Drainage",jpeg,4032,3024,6438204
"IMG_1940.HEIC","Cardinal/2024/Commercial - Multifamily/Cloisters - Drainage",heic,4032,3024,3751387
"IMG_1937.HEIC","Cardinal/2024/Commercial - Multifamily/Cloisters - Drainage",heic,4032,3024,4980828
"IMG_1945.jpeg","Cardinal/2024/Commercial - Multifamily/Cloisters - Drainage",jpeg,4032,3024,6374478
"IMG_1928.jpeg","Cardinal/2024/Commercial - Multifamily/Cloisters - Drainage",jpeg,4032,3024,6504615
"IMG_1947.HEIC","Cardinal/2024/Commercial - Multifamily/Cloisters - Drainage",heic,4032,3024,4312554
"IMG_1935.jpeg","Cardinal/2024/Commercial - Multifamily/Cloisters - Drainage",jpeg,4032,3024,6195386
"IMG_1939.jpeg","Cardinal/2024/Commercial - Multifamily/Cloisters - Drainage",jpeg,4032,3024,5720185
"IMG_1942.jpeg","Cardinal/2024/Commercial - Multifamily/Cloisters - Drainage",jpeg,4032,3024,6046385
"IMG_1943.jpeg","Cardinal/2024/Commercial - Multifamily/Cloisters - Drainage",jpeg,4032,3024,5921749
"IMG_1926.JPG","Cardinal/2024/Commercial - Multifamily/Cloisters - Drainage",jpg,4032,3024,6329309
"IMG_1927.JPG","Cardinal/2024/Commercial - Multifamily/Cloisters - Drainage",jpg,4032,3024,6231088
"IMG_1938.jpeg","Cardinal/2024/Commercial - Multifamily/Cloisters - Drainage",jpeg,4032,3024,5702391
"IMG_1925.JPG","Cardinal/2024/Commercial - Multifamily/Cloisters - Drainage",jpg,4032,3024,6651974
"IMG_1931.JPG","Cardinal/2024/Commercial - Multifamily/Cloisters - Drainage",jpg,4032,3024,7091470
"IMG_1930.JPG","Cardinal/2024/Commercial - Multifamily/Cloisters - Drainage",jpg,4032,3024,6177939
"IMG_1934.jpeg","Cardinal/2024/Commercial - Multifamily/Cloisters - Drainage",jpeg,4032,3024,6149060
"IMG_1946.HEIC","Cardinal/2024/Commercial - Multifamily/Cloisters - Drainage",heic,4032,3024,4532082
"IMG_1287.jpeg","Cardinal/2024/Commercial - Multifamily/During construction",jpeg,4032,3024,4435628
"IMG_1286.jpeg","Cardinal/2024/Commercial - Multifamily/During construction",jpeg,4032,3024,5834413
"IMG_1290.jpeg","Cardinal/2024/Commercial - Multifamily/During construction",jpeg,4032,3024,5465658
"IMG_1285.jpeg","Cardinal/2024/Commercial - Multifamily/During construction",jpeg,4032,3024,5856064
"IMG_1293.jpeg","Cardinal/2024/Commercial - Multifamily/During construction",jpeg,4032,3024,6724616
"IMG_1289.jpeg","Cardinal/2024/Commercial - Multifamily/During construction",jpeg,4032,3024,5343765
"IMG_1284.jpeg","Cardinal/2024/Commercial - Multifamily/During construction",jpeg,4032,3024,5981767
"IMG_1295.jpeg","Cardinal/2024/Commercial - Multifamily/During construction",jpeg,4032,3024,3368385
"IMG_1294.jpeg","Cardinal/2024/Commercial - Multifamily/During construction",jpeg,4032,3024,4316815
"IMG_1298.jpeg","Cardinal/2024/Commercial - Multifamily/During construction",jpeg,4032,3024,3533373
"IMG_1744.HEIC","Cardinal/2024/Commercial - Multifamily/Grand Riviera - 12-20-23",heic,4032,3024,3557098
"IMG_1752.HEIC","Cardinal/2024/Commercial - Multifamily/Grand Riviera - 12-20-23",heic,4032,3024,2787512
"IMG_1748.HEIC","Cardinal/2024/Commercial - Multifamily/Grand Riviera - 12-20-23",heic,4032,3024,3798073
"IMG_1757.jpeg","Cardinal/2024/Commercial - Multifamily/Grand Riviera - 12-20-23",jpeg,4032,3024,3875134
"IMG_1764.HEIC","Cardinal/2024/Commercial - Multifamily/Grand Riviera - 12-20-23",heic,4032,3024,4366362
"IMG_1756.jpeg","Cardinal/2024/Commercial - Multifamily/Grand Riviera - 12-20-23",jpeg,4032,3024,3371234
"IMG_1749.HEIC","Cardinal/2024/Commercial - Multifamily/Grand Riviera - 12-20-23",heic,4032,3024,3996766
"IMG_1760.MOV","Cardinal/2024/Commercial - Multifamily/Grand Riviera - 12-20-23",mov,1920,,95237938
"IMG_1753.HEIC","Cardinal/2024/Commercial - Multifamily/Grand Riviera - 12-20-23",heic,4032,3024,3142666
"IMG_1745.HEIC","Cardinal/2024/Commercial - Multifamily/Grand Riviera - 12-20-23",heic,4032,3024,4247768
"IMG_1758.HEIC","Cardinal/2024/Commercial - Multifamily/Grand Riviera - 12-20-23",heic,4032,3024,3350270
"IMG_1751.jpeg","Cardinal/2024/Commercial - Multifamily/Grand Riviera - 12-20-23",jpeg,4032,3024,4748842
"IMG_1747.jpeg","Cardinal/2024/Commercial - Multifamily/Grand Riviera - 12-20-23",jpeg,4032,3024,5652011
"IMG_1762.HEIC","Cardinal/2024/Commercial - Multifamily/Grand Riviera - 12-20-23",heic,4032,3024,3454139
"IMG_1754.HEIC","Cardinal/2024/Commercial - Multifamily/Grand Riviera - 12-20-23",heic,4032,3024,3827174
"IMG_1755.HEIC","Cardinal/2024/Commercial - Multifamily/Grand Riviera - 12-20-23",heic,4032,3024,2228221
"IMG_1763.HEIC","Cardinal/2024/Commercial - Multifamily/Grand Riviera - 12-20-23",heic,4032,3024,4081570
"IMG_1746.jpeg","Cardinal/2024/Commercial - Multifamily/Grand Riviera - 12-20-23",jpeg,4032,3024,6280978
"IMG_1750.jpeg","Cardinal/2024/Commercial - Multifamily/Grand Riviera - 12-20-23",jpeg,4032,3024,5250586
"IMG_1759.HEIC","Cardinal/2024/Commercial - Multifamily/Grand Riviera - 12-20-23",heic,4032,3024,3660053
"IMG_1745.jpeg","Cardinal/2024/Commercial - Multifamily/Grand Riviera - 12-20-23",jpeg,4032,3024,6017227
"IMG_1753.jpeg","Cardinal/2024/Commercial - Multifamily/Grand Riviera - 12-20-23",jpeg,4032,3024,4687943
"IMG_1749.jpeg","Cardinal/2024/Commercial - Multifamily/Grand Riviera - 12-20-23",jpeg,4032,3024,5757704
"BD4E0EE9-B05E-4796-A46E-85DE0A1032C5.jpeg","Cardinal/2024/Commercial - Multifamily/Grand Riviera - 12-20-23",jpeg,2550,3301,137694
"IMG_1756.HEIC","Cardinal/2024/Commercial - Multifamily/Grand Riviera - 12-20-23",heic,4032,3024,2349785
"IMG_1764.jpeg","Cardinal/2024/Commercial - Multifamily/Grand Riviera - 12-20-23",jpeg,4032,3024,6412305
"IMG_1757.HEIC","Cardinal/2024/Commercial - Multifamily/Grand Riviera - 12-20-23",heic,4032,3024,2649919
"IMG_1748.jpeg","Cardinal/2024/Commercial - Multifamily/Grand Riviera - 12-20-23",jpeg,4032,3024,5396430
"IMG_1752.jpeg","Cardinal/2024/Commercial - Multifamily/Grand Riviera - 12-20-23",jpeg,4032,3024,4168253
"IMG_1744.jpeg","Cardinal/2024/Commercial - Multifamily/Grand Riviera - 12-20-23",jpeg,4032,3024,5045793
"IMG_1759.jpeg","Cardinal/2024/Commercial - Multifamily/Grand Riviera - 12-20-23",jpeg,4032,3024,5171919
"IMG_1750.HEIC","Cardinal/2024/Commercial - Multifamily/Grand Riviera - 12-20-23",heic,4032,3024,3510471
"IMG_1746.HEIC","Cardinal/2024/Commercial - Multifamily/Grand Riviera - 12-20-23",heic,4032,3024,4506049
"IMG_1763.jpeg","Cardinal/2024/Commercial - Multifamily/Grand Riviera - 12-20-23",jpeg,4032,3024,5880317
"IMG_1755.jpeg","Cardinal/2024/Commercial - Multifamily/Grand Riviera - 12-20-23",jpeg,4032,3024,3284288
"IMG_1754.jpeg","Cardinal/2024/Commercial - Multifamily/Grand Riviera - 12-20-23",jpeg,4032,3024,5410283
"IMG_1762.jpeg","Cardinal/2024/Commercial - Multifamily/Grand Riviera - 12-20-23",jpeg,4032,3024,5196586
"IMG_1747.HEIC","Cardinal/2024/Commercial - Multifamily/Grand Riviera - 12-20-23",heic,4032,3024,3929365
"IMG_1751.HEIC","Cardinal/2024/Commercial - Multifamily/Grand Riviera - 12-20-23",heic,4032,3024,3263471
"IMG_1758.jpeg","Cardinal/2024/Commercial - Multifamily/Grand Riviera - 12-20-23",jpeg,4032,3024,4889528
"IMG_1590.HEIC","Cardinal/2024/Commercial - Multifamily/Grand Riviera - 12-7-23",heic,4032,3024,3997513
"IMG_1601.HEIC","Cardinal/2024/Commercial - Multifamily/Grand Riviera - 12-7-23",heic,4032,3024,3369845
"IMG_1640.HEIC","Cardinal/2024/Commercial - Multifamily/Grand Riviera - 12-7-23",heic,4032,3024,3437188
"IMG_1632.jpeg","Cardinal/2024/Commercial - Multifamily/Grand Riviera - 12-7-23",jpeg,4032,3024,3584925
"IMG_1586.HEIC","Cardinal/2024/Commercial - Multifamily/Grand Riviera - 12-7-23",heic,4032,3024,3479445
"IMG_1649.jpeg","Cardinal/2024/Commercial - Multifamily/Grand Riviera - 12-7-23",jpeg,4032,3024,5218651
"IMG_1599.jpeg","Cardinal/2024/Commercial - Multifamily/Grand Riviera - 12-7-23",jpeg,4032,3024,6025195
"IMG_1576.jpeg","Cardinal/2024/Commercial - Multifamily/Grand Riviera - 12-7-23",jpeg,4032,3024,4710108
"IMG_1573.HEIC","Cardinal/2024/Commercial - Multifamily/Grand Riviera - 12-7-23",heic,4032,3024,3446936
"IMG_1628.jpeg","Cardinal/2024/Commercial - Multifamily/Grand Riviera - 12-7-23",jpeg,4032,3024,5038823
"IMG_1637.HEIC","Cardinal/2024/Commercial - Multifamily/Grand Riviera - 12-7-23",heic,4032,3024,3814736
"IMG_1583.jpeg","Cardinal/2024/Commercial - Multifamily/Grand Riviera - 12-7-23",jpeg,4032,3024,5592927
"IMG_1595.jpeg","Cardinal/2024/Commercial - Multifamily/Grand Riviera - 12-7-23",jpeg,4032,3024,6025582
"IMG_1594.jpeg","Cardinal/2024/Commercial - Multifamily/Grand Riviera - 12-7-23",jpeg,4032,3024,5783749
"IMG_1636.HEIC","Cardinal/2024/Commercial - Multifamily/Grand Riviera - 12-7-23",heic,4032,3024,2582785
"IMG_1582.jpeg","Cardinal/2024/Commercial - Multifamily/Grand Riviera - 12-7-23",jpeg,4032,3024,6080446
"IMG_1644.jpeg","Cardinal/2024/Commercial - Multifamily/Grand Riviera - 12-7-23",jpeg,4032,3024,3474921
"IMG_1572.HEIC","Cardinal/2024/Commercial - Multifamily/Grand Riviera - 12-7-23",heic,4032,3024,4454118
"IMG_1629.jpeg","Cardinal/2024/Commercial - Multifamily/Grand Riviera - 12-7-23",jpeg,4032,3024,6538526
"IMG_1648.jpeg","Cardinal/2024/Commercial - Multifamily/Grand Riviera - 12-7-23",jpeg,4032,3024,4066986
"IMG_1633.jpeg","Cardinal/2024/Commercial - Multifamily/Grand Riviera - 12-7-23",jpeg,4032,3024,4613497
"IMG_1587.HEIC","Cardinal/2024/Commercial - Multifamily/Grand Riviera - 12-7-23",heic,4032,3024,3503818
"IMG_1641.HEIC","Cardinal/2024/Commercial - Multifamily/Grand Riviera - 12-7-23",heic,4032,3024,3865191
"IMG_1600.HEIC","Cardinal/2024/Commercial - Multifamily/Grand Riviera - 12-7-23",heic,4032,3024,3991762
"IMG_1591.HEIC","Cardinal/2024/Commercial - Multifamily/Grand Riviera - 12-7-23",heic,4032,3024,4266037
"IMG_1575.HEIC","Cardinal/2024/Commercial - Multifamily/Grand Riviera - 12-7-23",heic,4032,3024,4237400
"IMG_1638.jpeg","Cardinal/2024/Commercial - Multifamily/Grand Riviera - 12-7-23",jpeg,4032,3024,5654031
"IMG_1643.jpeg","Cardinal/2024/Commercial - Multifamily/Grand Riviera - 12-7-23",jpeg,4032,3024,4634035
"IMG_1631.HEIC","Cardinal/2024/Commercial - Multifamily/Grand Riviera - 12-7-23",heic,4032,3024,2357776
"IMG_1585.jpeg","Cardinal/2024/Commercial - Multifamily/Grand Riviera - 12-7-23",jpeg,4032,3024,5368091
"IMG_1593.jpeg","Cardinal/2024/Commercial - Multifamily/Grand Riviera - 12-7-23",jpeg,4032,3024,5127373
"IMG_1627.HEIC","Cardinal/2024/Commercial - Multifamily/Grand Riviera - 12-7-23",heic,4032,3024,3526831
"IMG_1650.HEIC","Cardinal/2024/Commercial - Multifamily/Grand Riviera - 12-7-23",heic,4032,3024,3938747
"IMG_1579.HEIC","Cardinal/2024/Commercial - Multifamily/Grand Riviera - 12-7-23",heic,4032,3024,3481243
"IMG_1646.HEIC","Cardinal/2024/Commercial - Multifamily/Grand Riviera - 12-7-23",heic,4032,3024,3325446
"IMG_1634.jpeg","Cardinal/2024/Commercial - Multifamily/Grand Riviera - 12-7-23",jpeg,4032,3024,6785306
"IMG_1589.jpeg","Cardinal/2024/Commercial - Multifamily/Grand Riviera - 12-7-23",jpeg,4032,3024,5577469
"IMG_1588.jpeg","Cardinal/2024/Commercial - Multifamily/Grand Riviera - 12-7-23",jpeg,4032,3024,5133224
"IMG_1635.jpeg","Cardinal/2024/Commercial - Multifamily/Grand Riviera - 12-7-23",jpeg,4032,3024,4777964
"IMG_1581.HEIC","Cardinal/2024/Commercial - Multifamily/Grand Riviera - 12-7-23",heic,4032,3024,4643324
"IMG_1647.HEIC","Cardinal/2024/Commercial - Multifamily/Grand Riviera - 12-7-23",heic,4032,3024,2906546
"IMG_1578.HEIC","Cardinal/2024/Commercial - Multifamily/Grand Riviera - 12-7-23",heic,4032,3024,3381569
"IMG_1651.HEIC","Cardinal/2024/Commercial - Multifamily/Grand Riviera - 12-7-23",heic,4032,3024,3552317
"IMG_1592.jpeg","Cardinal/2024/Commercial - Multifamily/Grand Riviera - 12-7-23",jpeg,4032,3024,5588885
"IMG_1630.HEIC","Cardinal/2024/Commercial - Multifamily/Grand Riviera - 12-7-23",heic,4032,3024,4133460
"IMG_1584.jpeg","Cardinal/2024/Commercial - Multifamily/Grand Riviera - 12-7-23",jpeg,4032,3024,5433466
"IMG_1642.jpeg","Cardinal/2024/Commercial - Multifamily/Grand Riviera - 12-7-23",jpeg,4032,3024,5496808
"IMG_1639.jpeg","Cardinal/2024/Commercial - Multifamily/Grand Riviera - 12-7-23",jpeg,4032,3024,5259230
"IMG_1574.HEIC","Cardinal/2024/Commercial - Multifamily/Grand Riviera - 12-7-23",heic,4032,3024,4687469
"IMG_1591.jpeg","Cardinal/2024/Commercial - Multifamily/Grand Riviera - 12-7-23",jpeg,4032,3024,5926771
"IMG_1600.jpeg","Cardinal/2024/Commercial - Multifamily/Grand Riviera - 12-7-23",jpeg,4032,3024,5711085
"IMG_1633.HEIC","Cardinal/2024/Commercial - Multifamily/Grand Riviera - 12-7-23",heic,4032,3024,3222761
"IMG_1587.jpeg","Cardinal/2024/Commercial - Multifamily/Grand Riviera - 12-7-23",jpeg,4032,3024,5044713
"IMG_1641.jpeg","Cardinal/2024/Commercial - Multifamily/Grand Riviera - 12-7-23",jpeg,4032,3024,5525018
"IMG_1648.HEIC","Cardinal/2024/Commercial - Multifamily/Grand Riviera - 12-7-23",heic,4032,3024,2872956
"IMG_1598.HEIC","Cardinal/2024/Commercial - Multifamily/Grand Riviera - 12-7-23",heic,4032,3024,4693319
"IMG_1572.jpeg","Cardinal/2024/Commercial - Multifamily/Grand Riviera - 12-7-23",jpeg,4032,3024,6113228
"IMG_1629.HEIC","Cardinal/2024/Commercial - Multifamily/Grand Riviera - 12-7-23",heic,4032,3024,4600290
"IMG_1636.jpeg","Cardinal/2024/Commercial - Multifamily/Grand Riviera - 12-7-23",jpeg,4032,3024,3931707
"IMG_1582.HEIC","Cardinal/2024/Commercial - Multifamily/Grand Riviera - 12-7-23",heic,4032,3024,4359678
"IMG_1644.HEIC","Cardinal/2024/Commercial - Multifamily/Grand Riviera - 12-7-23",heic,4032,3024,2247965
"IMG_1594.HEIC","Cardinal/2024/Commercial - Multifamily/Grand Riviera - 12-7-23",heic,4032,3024,4124313
"IMG_1652.HEIC","Cardinal/2024/Commercial - Multifamily/Grand Riviera - 12-7-23",heic,4032,3024,3168149
"IMG_1595.HEIC","Cardinal/2024/Commercial - Multifamily/Grand Riviera - 12-7-23",heic,4032,3024,4330108
"IMG_1637.jpeg","Cardinal/2024/Commercial - Multifamily/Grand Riviera - 12-7-23",jpeg,4032,3024,5344806
"IMG_1583.HEIC","Cardinal/2024/Commercial - Multifamily/Grand Riviera - 12-7-23",heic,4032,3024,3958123
"IMG_1573.jpeg","Cardinal/2024/Commercial - Multifamily/Grand Riviera - 12-7-23",jpeg,4032,3024,4905292
"IMG_1628.HEIC","Cardinal/2024/Commercial - Multifamily/Grand Riviera - 12-7-23",heic,4032,3024,3554392
"IMG_1599.HEIC","Cardinal/2024/Commercial - Multifamily/Grand Riviera - 12-7-23",heic,4032,3024,4208261
"IMG_1576.HEIC","Cardinal/2024/Commercial - Multifamily/Grand Riviera - 12-7-23",heic,4032,3024,3231510
"IMG_1649.HEIC","Cardinal/2024/Commercial - Multifamily/Grand Riviera - 12-7-23",heic,4032,3024,3616455
"IMG_1640.jpeg","Cardinal/2024/Commercial - Multifamily/Grand Riviera - 12-7-23",jpeg,4032,3024,5123586
"IMG_1632.HEIC","Cardinal/2024/Commercial - Multifamily/Grand Riviera - 12-7-23",heic,4032,3024,2533623
"IMG_1586.jpeg","Cardinal/2024/Commercial - Multifamily/Grand Riviera - 12-7-23",jpeg,4032,3024,5160339
"IMG_1601.jpeg","Cardinal/2024/Commercial - Multifamily/Grand Riviera - 12-7-23",jpeg,4032,3024,5060770
"IMG_1590.jpeg","Cardinal/2024/Commercial - Multifamily/Grand Riviera - 12-7-23",jpeg,4032,3024,5665310
"IMG_1574.jpeg","Cardinal/2024/Commercial - Multifamily/Grand Riviera - 12-7-23",jpeg,4032,3024,6367633
"IMG_1639.HEIC","Cardinal/2024/Commercial - Multifamily/Grand Riviera - 12-7-23",heic,4032,3024,3641344
"IMG_1630.jpeg","Cardinal/2024/Commercial - Multifamily/Grand Riviera - 12-7-23",jpeg,4032,3024,5974359
"IMG_1584.HEIC","Cardinal/2024/Commercial - Multifamily/Grand Riviera - 12-7-23",heic,4032,3024,3879939
"IMG_1642.HEIC","Cardinal/2024/Commercial - Multifamily/Grand Riviera - 12-7-23",heic,4032,3024,3675556
"IMG_1592.HEIC","Cardinal/2024/Commercial - Multifamily/Grand Riviera - 12-7-23",heic,4032,3024,4093681
"IMG_1578.jpeg","Cardinal/2024/Commercial - Multifamily/Grand Riviera - 12-7-23",jpeg,4032,3024,4999761
"IMG_1651.jpeg","Cardinal/2024/Commercial - Multifamily/Grand Riviera - 12-7-23",jpeg,4032,3024,5190033
"IMG_1632.jpeg","Cardinal/2024/Commercial - Multifamily/Grand Riviera - 12-7-23/Jpeg",jpeg,4032,3024,3584925
"IMG_1649.jpeg","Cardinal/2024/Commercial - Multifamily/Grand Riviera - 12-7-23/Jpeg",jpeg,4032,3024,5218651
"IMG_1599.jpeg","Cardinal/2024/Commercial - Multifamily/Grand Riviera - 12-7-23/Jpeg",jpeg,4032,3024,6025195
"IMG_1576.jpeg","Cardinal/2024/Commercial - Multifamily/Grand Riviera - 12-7-23/Jpeg",jpeg,4032,3024,4710108
"IMG_1628.jpeg","Cardinal/2024/Commercial - Multifamily/Grand Riviera - 12-7-23/Jpeg",jpeg,4032,3024,5038823
"IMG_1583.jpeg","Cardinal/2024/Commercial - Multifamily/Grand Riviera - 12-7-23/Jpeg",jpeg,4032,3024,5592927
"IMG_1595.jpeg","Cardinal/2024/Commercial - Multifamily/Grand Riviera - 12-7-23/Jpeg",jpeg,4032,3024,6025582
"IMG_1594.jpeg","Cardinal/2024/Commercial - Multifamily/Grand Riviera - 12-7-23/Jpeg",jpeg,4032,3024,5783749
"IMG_1652.jpeg","Cardinal/2024/Commercial - Multifamily/Grand Riviera - 12-7-23/Jpeg",jpeg,4032,3024,4681577
"IMG_1582.jpeg","Cardinal/2024/Commercial - Multifamily/Grand Riviera - 12-7-23/Jpeg",jpeg,4032,3024,6080446
"IMG_1644.jpeg","Cardinal/2024/Commercial - Multifamily/Grand Riviera - 12-7-23/Jpeg",jpeg,4032,3024,3474921
"IMG_1629.jpeg","Cardinal/2024/Commercial - Multifamily/Grand Riviera - 12-7-23/Jpeg",jpeg,4032,3024,6538526
"IMG_1598.jpeg","Cardinal/2024/Commercial - Multifamily/Grand Riviera - 12-7-23/Jpeg",jpeg,4032,3024,6691809
"IMG_1577.jpeg","Cardinal/2024/Commercial - Multifamily/Grand Riviera - 12-7-23/Jpeg",jpeg,4032,3024,4508722
"IMG_1648.jpeg","Cardinal/2024/Commercial - Multifamily/Grand Riviera - 12-7-23/Jpeg",jpeg,4032,3024,4066986
"IMG_1633.jpeg","Cardinal/2024/Commercial - Multifamily/Grand Riviera - 12-7-23/Jpeg",jpeg,4032,3024,4613497
"IMG_1638.jpeg","Cardinal/2024/Commercial - Multifamily/Grand Riviera - 12-7-23/Jpeg",jpeg,4032,3024,5654031
"IMG_1643.jpeg","Cardinal/2024/Commercial - Multifamily/Grand Riviera - 12-7-23/Jpeg",jpeg,4032,3024,4634035
"IMG_1585.jpeg","Cardinal/2024/Commercial - Multifamily/Grand Riviera - 12-7-23/Jpeg",jpeg,4032,3024,5368091
"IMG_1593.jpeg","Cardinal/2024/Commercial - Multifamily/Grand Riviera - 12-7-23/Jpeg",jpeg,4032,3024,5127373
"IMG_1634.jpeg","Cardinal/2024/Commercial - Multifamily/Grand Riviera - 12-7-23/Jpeg",jpeg,4032,3024,6785306
"IMG_1589.jpeg","Cardinal/2024/Commercial - Multifamily/Grand Riviera - 12-7-23/Jpeg",jpeg,4032,3024,5577469
"IMG_1588.jpeg","Cardinal/2024/Commercial - Multifamily/Grand Riviera - 12-7-23/Jpeg",jpeg,4032,3024,5133224
"IMG_1635.jpeg","Cardinal/2024/Commercial - Multifamily/Grand Riviera - 12-7-23/Jpeg",jpeg,4032,3024,4777964
"IMG_1592.jpeg","Cardinal/2024/Commercial - Multifamily/Grand Riviera - 12-7-23/Jpeg",jpeg,4032,3024,5588885
"IMG_1584.jpeg","Cardinal/2024/Commercial - Multifamily/Grand Riviera - 12-7-23/Jpeg",jpeg,4032,3024,5433466
"IMG_1642.jpeg","Cardinal/2024/Commercial - Multifamily/Grand Riviera - 12-7-23/Jpeg",jpeg,4032,3024,5496808
"IMG_1639.jpeg","Cardinal/2024/Commercial - Multifamily/Grand Riviera - 12-7-23/Jpeg",jpeg,4032,3024,5259230
"IMG_1591.jpeg","Cardinal/2024/Commercial - Multifamily/Grand Riviera - 12-7-23/Jpeg",jpeg,4032,3024,5926771
"IMG_1600.jpeg","Cardinal/2024/Commercial - Multifamily/Grand Riviera - 12-7-23/Jpeg",jpeg,4032,3024,5711085
"IMG_1587.jpeg","Cardinal/2024/Commercial - Multifamily/Grand Riviera - 12-7-23/Jpeg",jpeg,4032,3024,5044713
"IMG_1641.jpeg","Cardinal/2024/Commercial - Multifamily/Grand Riviera - 12-7-23/Jpeg",jpeg,4032,3024,5525018
"IMG_1572.jpeg","Cardinal/2024/Commercial - Multifamily/Grand Riviera - 12-7-23/Jpeg",jpeg,4032,3024,6113228
"IMG_1636.jpeg","Cardinal/2024/Commercial - Multifamily/Grand Riviera - 12-7-23/Jpeg",jpeg,4032,3024,3931707
"IMG_1637.jpeg","Cardinal/2024/Commercial - Multifamily/Grand Riviera - 12-7-23/Jpeg",jpeg,4032,3024,5344806
"IMG_1573.jpeg","Cardinal/2024/Commercial - Multifamily/Grand Riviera - 12-7-23/Jpeg",jpeg,4032,3024,4905292
"IMG_1640.jpeg","Cardinal/2024/Commercial - Multifamily/Grand Riviera - 12-7-23/Jpeg",jpeg,4032,3024,5123586
"IMG_1586.jpeg","Cardinal/2024/Commercial - Multifamily/Grand Riviera - 12-7-23/Jpeg",jpeg,4032,3024,5160339
"IMG_1601.jpeg","Cardinal/2024/Commercial - Multifamily/Grand Riviera - 12-7-23/Jpeg",jpeg,4032,3024,5060770
"IMG_1590.jpeg","Cardinal/2024/Commercial - Multifamily/Grand Riviera - 12-7-23/Jpeg",jpeg,4032,3024,5665310
"IMG_1574.jpeg","Cardinal/2024/Commercial - Multifamily/Grand Riviera - 12-7-23/Jpeg",jpeg,4032,3024,6367633
"IMG_1630.jpeg","Cardinal/2024/Commercial - Multifamily/Grand Riviera - 12-7-23/Jpeg",jpeg,4032,3024,5974359
"IMG_1578.jpeg","Cardinal/2024/Commercial - Multifamily/Grand Riviera - 12-7-23/Jpeg",jpeg,4032,3024,4999761
"IMG_1597.jpeg","Cardinal/2024/Commercial - Multifamily/Grand Riviera - 12-7-23/Jpeg",jpeg,4032,3024,4288092
"IMG_1651.jpeg","Cardinal/2024/Commercial - Multifamily/Grand Riviera - 12-7-23/Jpeg",jpeg,4032,3024,5190033
"IMG_1581.jpeg","Cardinal/2024/Commercial - Multifamily/Grand Riviera - 12-7-23/Jpeg",jpeg,4032,3024,6300889
"IMG_1647.jpeg","Cardinal/2024/Commercial - Multifamily/Grand Riviera - 12-7-23/Jpeg",jpeg,4032,3024,4147449
"IMG_1646.jpeg","Cardinal/2024/Commercial - Multifamily/Grand Riviera - 12-7-23/Jpeg",jpeg,4032,3024,4889501
"IMG_1580.jpeg","Cardinal/2024/Commercial - Multifamily/Grand Riviera - 12-7-23/Jpeg",jpeg,4032,3024,4583964
"IMG_1650.jpeg","Cardinal/2024/Commercial - Multifamily/Grand Riviera - 12-7-23/Jpeg",jpeg,4032,3024,5596937
"IMG_1579.jpeg","Cardinal/2024/Commercial - Multifamily/Grand Riviera - 12-7-23/Jpeg",jpeg,4032,3024,5163766
"IMG_1596.jpeg","Cardinal/2024/Commercial - Multifamily/Grand Riviera - 12-7-23/Jpeg",jpeg,4032,3024,4499447
"IMG_1627.jpeg","Cardinal/2024/Commercial - Multifamily/Grand Riviera - 12-7-23/Jpeg",jpeg,4032,3024,4998057
"IMG_1631.jpeg","Cardinal/2024/Commercial - Multifamily/Grand Riviera - 12-7-23/Jpeg",jpeg,4032,3024,3689569
"IMG_1575.jpeg","Cardinal/2024/Commercial - Multifamily/Grand Riviera - 12-7-23/Jpeg",jpeg,4032,3024,6129301
"IMG_1635.HEIC","Cardinal/2024/Commercial - Multifamily/Grand Riviera - 12-7-23",heic,4032,3024,3226079
"IMG_1581.jpeg","Cardinal/2024/Commercial - Multifamily/Grand Riviera - 12-7-23",jpeg,4032,3024,6300889
"IMG_1647.jpeg","Cardinal/2024/Commercial - Multifamily/Grand Riviera - 12-7-23",jpeg,4032,3024,4147449
"IMG_1588.HEIC","Cardinal/2024/Commercial - Multifamily/Grand Riviera - 12-7-23",heic,4032,3024,3643313
"IMG_1589.HEIC","Cardinal/2024/Commercial - Multifamily/Grand Riviera - 12-7-23",heic,4032,3024,3962324
"IMG_1646.jpeg","Cardinal/2024/Commercial - Multifamily/Grand Riviera - 12-7-23",jpeg,4032,3024,4889501
"IMG_1634.HEIC","Cardinal/2024/Commercial - Multifamily/Grand Riviera - 12-7-23",heic,4032,3024,4633436
"IMG_1650.jpeg","Cardinal/2024/Commercial - Multifamily/Grand Riviera - 12-7-23",jpeg,4032,3024,5596937
"IMG_1579.jpeg","Cardinal/2024/Commercial - Multifamily/Grand Riviera - 12-7-23",jpeg,4032,3024,5163766
"IMG_1593.HEIC","Cardinal/2024/Commercial - Multifamily/Grand Riviera - 12-7-23",heic,4032,3024,3622775
"IMG_1627.jpeg","Cardinal/2024/Commercial - Multifamily/Grand Riviera - 12-7-23",jpeg,4032,3024,4998057
"IMG_1643.HEIC","Cardinal/2024/Commercial - Multifamily/Grand Riviera - 12-7-23",heic,4032,3024,3262451
"IMG_1631.jpeg","Cardinal/2024/Commercial - Multifamily/Grand Riviera - 12-7-23",jpeg,4032,3024,3689569
"IMG_1585.HEIC","Cardinal/2024/Commercial - Multifamily/Grand Riviera - 12-7-23",heic,4032,3024,3789294
"IMG_1638.HEIC","Cardinal/2024/Commercial - Multifamily/Grand Riviera - 12-7-23",heic,4032,3024,3966180
"IMG_1575.jpeg","Cardinal/2024/Commercial - Multifamily/Grand Riviera - 12-7-23",jpeg,4032,3024,6129301
"7-Oct 13 2025 03_14pm-6fXq.jpg","Cardinal/Residential Piers",jpg,1440,1920,734084
"8-Oct 13 2025 03_14pm-8Y9Q.jpg","Cardinal/Residential Piers",jpg,1920,1440,721987
"6-Oct 13 2025 03_14pm-YWw7.jpg","Cardinal/Residential Piers",jpg,1440,1920,766236
"4-Oct 13 2025 03_14pm-gtFv.jpg","Cardinal/Residential Piers",jpg,1440,1920,777476
"1-Oct 13 2025 03_13pm-NFuT.jpg","Cardinal/Residential Piers",jpg,1920,1440,761026
"16-Oct 13 2025 03_15pm-ENJr.jpg","Cardinal/Residential Piers",jpg,1920,1440,847308
"2-Oct 13 2025 03_13pm-wsP1.jpg","Cardinal/Residential Piers",jpg,1920,1440,858427
"10-Oct 13 2025 03_14pm-kS4m.jpg","Cardinal/Residential Piers",jpg,1920,1440,814526
"13-Oct 13 2025 03_14pm-1vXT.jpg","Cardinal/Residential Piers",jpg,1440,1920,883434
"14-Oct 13 2025 03_14pm-tcwP.jpg","Cardinal/Residential Piers",jpg,1440,1920,865075
"Untitled.mp4","Cardinal/Videos for Editing and Posting",mp4,3840,2160,695324419
"74455591049__F665B3F2-9CD2-42EC-91A7-213BF787C48E.MOV","Cardinal/Videos for Editing and Posting",mov,1920,,5345236
"IMG_1861.MOV","Cardinal/Videos for Editing and Posting",mov,1920,,95736825
"Untitled.AAE","Cardinal/Videos for Editing and Posting",aae,,,761
"27-Jan 07 2026 02_09pm-9ApZ.jpg","Cardinal/Multifamily Piers",jpg,2160,2880,1697987
"6-Oct 09 2025 11_36am-KYbr.jpg","Cardinal/Commercial Tilt Wall",jpg,1920,1440,508735
"7-Oct 09 2025 11_36am-HUUE.jpg","Cardinal/Commercial Tilt Wall",jpg,1440,1920,578565
"2-Oct 09 2025 11_35am-iLTP.jpg","Cardinal/Commercial Tilt Wall",jpg,1440,1920,475391
"12-Oct 17 2025 11_53am-yvfw.jpg","Cardinal/Commercial Tilt Wall",jpg,2160,2880,362972
"15-Oct 17 2025 11_53am-jK1u.jpg","Cardinal/Commercial Tilt Wall",jpg,2160,2880,276046
"10-Oct 09 2025 11_36am-xXUX.jpg","Cardinal/Commercial Tilt Wall",jpg,1440,1920,401534
"90-Jan 06 2026 11_40am-2XH8.jpg","Cardinal/2026/Steel Piers_Multifamily_Lewisville",jpg,1920,1440,697143
"54-Nov 12 2025 11_37am-jhNP.jpg","Cardinal/2026/Steel Piers_Multifamily_Lewisville",jpg,1440,1920,583404
"78-Dec 05 2025 11_19am-QmEw.jpg","Cardinal/2026/Steel Piers_Multifamily_Lewisville",jpg,1920,1440,913638
"58-Nov 12 2025 11_38am-EqwA.jpg","Cardinal/2026/Steel Piers_Multifamily_Lewisville",jpg,1440,1920,717479
"21-Nov 12 2025 11_09am-bJDy.jpg","Cardinal/2026/Steel Piers_Multifamily_Lewisville",jpg,1920,1440,472484
"35-Nov 12 2025 11_24am-pnma.jpg","Cardinal/2026/Steel Piers_Multifamily_Lewisville",jpg,1920,1440,795858
"76-Dec 05 2025 11_19am-yxup.jpg","Cardinal/2026/Steel Piers_Multifamily_Lewisville",jpg,1440,1920,689314
"27-Nov 12 2025 11_20am-U8G2.jpg","Cardinal/2026/Steel Piers_Multifamily_Lewisville",jpg,1920,1440,368169
"57-Nov 12 2025 11_38am-MCzr.jpg","Cardinal/2026/Steel Piers_Multifamily_Lewisville",jpg,1920,1440,457958
"71-Dec 05 2025 11_19am-diDB.jpg","Cardinal/2026/Steel Piers_Multifamily_Lewisville",jpg,1920,1440,894465
"47-Nov 12 2025 11_26am-wVxp.jpg","Cardinal/2026/Steel Piers_Multifamily_Lewisville",jpg,1920,1440,647525
"8-Nov 12 2025 11_05am-6BvK.jpg","Cardinal/2026/Steel Piers_Multifamily_Lewisville",jpg,1440,1920,898034
"34-Nov 12 2025 11_24am-5eod.jpg","Cardinal/2026/Steel Piers_Multifamily_Lewisville",jpg,1440,1920,1005695
"92-Jan 06 2026 11_41am-rpSo.jpg","Cardinal/2026/Steel Piers_Multifamily_Lewisville",jpg,1920,1440,776969
"24-Nov 12 2025 11_19am-uTfe.jpg","Cardinal/2026/Steel Piers_Multifamily_Lewisville",jpg,1920,1440,914349
"66-Dec 05 2025 11_05am-E9f5.jpg","Cardinal/2026/Steel Piers_Multifamily_Lewisville",jpg,1440,1920,843217
"26-Nov 12 2025 11_20am-S31B.jpg","Cardinal/2026/Steel Piers_Multifamily_Lewisville",jpg,1440,1920,881872
"22-Nov 12 2025 11_09am-Rs9i.jpg","Cardinal/2026/Steel Piers_Multifamily_Lewisville",jpg,1920,1440,825508
"39-Nov 12 2025 11_25am-2Gth.jpg","Cardinal/2026/Steel Piers_Multifamily_Lewisville",jpg,1440,1920,990237
"93-Jan 06 2026 11_41am-Bny1.jpg","Cardinal/2026/Steel Piers_Multifamily_Lewisville",jpg,1920,1440,892871
"7-Nov 12 2025 11_05am-Shoq.jpg","Cardinal/2026/Steel Piers_Multifamily_Lewisville",jpg,1440,1920,706729
"79-Dec 05 2025 11_20am-ZrXq.jpg","Cardinal/2026/Steel Piers_Multifamily_Lewisville",jpg,1440,1920,833098
"12-Nov 12 2025 11_06am-4aQh.jpg","Cardinal/2026/Steel Piers_Multifamily_Lewisville",jpg,1920,1440,652282
"72-Dec 05 2025 11_19am-7PJE.jpg","Cardinal/2026/Steel Piers_Multifamily_Lewisville",jpg,1920,1440,886992
"49-Nov 12 2025 11_29am-3Wj1.jpg","Cardinal/2026/Steel Piers_Multifamily_Lewisville",jpg,1920,1440,851068
"40-Nov 12 2025 11_25am-C9eA.jpg","Cardinal/2026/Steel Piers_Multifamily_Lewisville",jpg,1920,1440,911732
"62-Dec 05 2025 11_04am-LtsW.jpg","Cardinal/2026/Steel Piers_Multifamily_Lewisville",jpg,1440,1920,845662
"25-Nov 12 2025 11_19am-uD1G.jpg","Cardinal/2026/Steel Piers_Multifamily_Lewisville",jpg,1920,1440,770870
"17-Nov 12 2025 11_08am-D4VZ.jpg","Cardinal/2026/Steel Piers_Multifamily_Lewisville",jpg,1920,1440,757580
"16-Nov 12 2025 11_08am-hR96.jpg","Cardinal/2026/Steel Piers_Multifamily_Lewisville",jpg,1920,1440,961134
"11-Nov 12 2025 11_06am-sd3E.jpg","Cardinal/2026/Steel Piers_Multifamily_Lewisville",jpg,1920,1440,555130
"5-Nov 12 2025 11_04am-vBGj.jpg","Cardinal/2026/Steel Piers_Multifamily_Lewisville",jpg,1440,1920,752788
"67-Dec 05 2025 11_05am-4KWf.jpg","Cardinal/2026/Steel Piers_Multifamily_Lewisville",jpg,1920,1440,787518
"73-Dec 05 2025 11_19am-Nbb1.jpg","Cardinal/2026/Steel Piers_Multifamily_Lewisville",jpg,1440,1920,953833
"14-Nov 12 2025 11_08am-96dR.jpg","Cardinal/2026/Steel Piers_Multifamily_Lewisville",jpg,1920,1440,650193
"2-Nov 12 2025 11_02am-BTRp.jpg","Cardinal/2026/Steel Piers_Multifamily_Lewisville",jpg,1920,1440,873485
"100-Jan 06 2026 11_41am-ZKWj.jpg","Cardinal/2026/Steel Piers_Multifamily_Lewisville",jpg,1920,1440,876343
"13-Nov 12 2025 11_07am-Hoo6.jpg","Cardinal/2026/Steel Piers_Multifamily_Lewisville",jpg,1920,1440,758385
"1-Nov 12 2025 11_02am-MJ3p.jpg","Cardinal/2026/Steel Piers_Multifamily_Lewisville",jpg,1920,1440,864864
"55-Nov 12 2025 11_38am-qtvT.jpg","Cardinal/2026/Steel Piers_Multifamily_Lewisville",jpg,1440,1920,538279
"70-Dec 05 2025 11_06am-jics.jpg","Cardinal/2026/Steel Piers_Multifamily_Lewisville",jpg,1920,1440,896548
"38-Nov 12 2025 11_25am-2kWC.jpg","Cardinal/2026/Steel Piers_Multifamily_Lewisville",jpg,1440,1920,739325
"61-Dec 05 2025 11_04am-tx1z.jpg","Cardinal/2026/Steel Piers_Multifamily_Lewisville",jpg,1920,1440,640439
"44-Nov 12 2025 11_25am-SsQQ.jpg","Cardinal/2026/Steel Piers_Multifamily_Lewisville",jpg,1920,1440,706938
"3-Nov 12 2025 11_02am-2JyY.jpg","Cardinal/2026/Steel Piers_Multifamily_Lewisville",jpg,1920,1440,718009
"51-Nov 12 2025 11_29am-AWiK.jpg","Cardinal/2026/Steel Piers_Multifamily_Lewisville",jpg,1440,1920,873144
"74-Dec 05 2025 11_19am-Q9gc.jpg","Cardinal/2026/Steel Piers_Multifamily_Lewisville",jpg,1440,1920,871090
"56-Nov 12 2025 11_38am-2HfN.jpg","Cardinal/2026/Steel Piers_Multifamily_Lewisville",jpg,1920,1440,600361
"32-Nov 12 2025 11_24am-N2ue.jpg","Cardinal/2026/Steel Piers_Multifamily_Lewisville",jpg,1920,1440,932749
"53-Nov 12 2025 11_37am-pAj5.jpg","Cardinal/2026/Steel Piers_Multifamily_Lewisville",jpg,1920,1440,802123
"30-Nov 12 2025 11_21am-1qAw.jpg","Cardinal/2026/Steel Piers_Multifamily_Lewisville",jpg,1440,1920,945009
"37-Nov 12 2025 11_24am-Gbta.jpg","Cardinal/2026/Steel Piers_Multifamily_Lewisville",jpg,1920,1440,786852
"23-Nov 12 2025 11_19am-TCUf.jpg","Cardinal/2026/Steel Piers_Multifamily_Lewisville",jpg,1920,1440,768119
"46-Nov 12 2025 11_26am-VBqK.jpg","Cardinal/2026/Steel Piers_Multifamily_Lewisville",jpg,1440,1920,772174
"36-Nov 12 2025 11_24am-APNL.jpg","Cardinal/2026/Steel Piers_Multifamily_Lewisville",jpg,1920,1440,594871
"86-Jan 06 2026 11_40am-Uhxj.jpg","Cardinal/2026/Steel Piers_Multifamily_Lewisville",jpg,1440,1920,667977
"28-Nov 12 2025 11_20am-4Rnz.jpg","Cardinal/2026/Steel Piers_Multifamily_Lewisville",jpg,1440,1920,741360
"33-Nov 12 2025 11_24am-E7gS.jpg","Cardinal/2026/Steel Piers_Multifamily_Lewisville",jpg,1920,1440,1018143
"31-Nov 12 2025 11_21am-qhRJ.jpg","Cardinal/2026/Steel Piers_Multifamily_Lewisville",jpg,1920,1440,750908
"15-Nov 12 2025 11_08am-KwBE.jpg","Cardinal/2026/Steel Piers_Multifamily_Lewisville",jpg,1920,1440,404876
"42-Nov 12 2025 11_25am-yu3M.jpg","Cardinal/2026/Steel Piers_Multifamily_Lewisville",jpg,1440,1920,877933
"68-Dec 05 2025 11_06am-wHKM.jpg","Cardinal/2026/Steel Piers_Multifamily_Lewisville",jpg,1440,1920,956005
"29-Nov 12 2025 11_20am-HZB9.jpg","Cardinal/2026/Steel Piers_Multifamily_Lewisville",jpg,1920,1440,434113
"69-Dec 05 2025 11_06am-gFwg.jpg","Cardinal/2026/Steel Piers_Multifamily_Lewisville",jpg,1920,1440,633305
"52-Nov 12 2025 11_37am-CPkY.jpg","Cardinal/2026/Steel Piers_Multifamily_Lewisville",jpg,1920,1440,833061
"91-Jan 06 2026 11_41am-doTF.jpg","Cardinal/2026/Steel Piers_Multifamily_Lewisville",jpg,1920,1440,1013071
"9-Nov 12 2025 11_05am-Aao4.jpg","Cardinal/2026/Steel Piers_Multifamily_Lewisville",jpg,1440,1920,787427
"50-Nov 12 2025 11_29am-ejCM.jpg","Cardinal/2026/Steel Piers_Multifamily_Lewisville",jpg,1440,1920,764310
"41-Nov 12 2025 11_25am-6wJ8.jpg","Cardinal/2026/Steel Piers_Multifamily_Lewisville",jpg,1920,1440,934146
"6-Nov 12 2025 11_05am-ipTn.jpg","Cardinal/2026/Steel Piers_Multifamily_Lewisville",jpg,1920,1440,648997
"45-Nov 12 2025 11_25am-deNS.jpg","Cardinal/2026/Steel Piers_Multifamily_Lewisville",jpg,1920,1440,802737
"20-Nov 12 2025 11_09am-TNDk.jpg","Cardinal/2026/Steel Piers_Multifamily_Lewisville",jpg,1920,1440,877655
"63-Dec 05 2025 11_04am-hubh.jpg","Cardinal/2026/Steel Piers_Multifamily_Lewisville",jpg,1920,1440,966719
"18-Nov 12 2025 11_09am-iM1E.jpg","Cardinal/2026/Steel Piers_Multifamily_Lewisville",jpg,1920,1440,574559
"4-Nov 12 2025 11_02am-WiCJ.jpg","Cardinal/2026/Steel Piers_Multifamily_Lewisville",jpg,1920,1440,826087
"80-Dec 05 2025 11_20am-fCdF.jpg","Cardinal/2026/Steel Piers_Multifamily_Lewisville",jpg,1920,1440,964101
"43-Nov 12 2025 11_25am-cnw5.jpg","Cardinal/2026/Steel Piers_Multifamily_Lewisville",jpg,1440,1920,871718
"64-Dec 05 2025 11_04am-TRjo.jpg","Cardinal/2026/Steel Piers_Multifamily_Lewisville",jpg,1440,1920,660435
"19-Nov 12 2025 11_09am-ys1z.jpg","Cardinal/2026/Steel Piers_Multifamily_Lewisville",jpg,1920,1440,836617
"48-Nov 12 2025 11_26am-hJf8.jpg","Cardinal/2026/Steel Piers_Multifamily_Lewisville",jpg,1920,1440,754952
"59-Nov 12 2025 11_39am-naUE.jpg","Cardinal/2026/Steel Piers_Multifamily_Lewisville",jpg,1920,1440,729997
"10-Nov 12 2025 11_05am-RQfa.jpg","Cardinal/2026/Steel Piers_Multifamily_Lewisville",jpg,1920,1440,771205
"January Report.pdf","Cardinal/2026",pdf,,,205451
"2-Nov 19 2025 10_44am-bD1M.jpg","Cardinal/New Foundationdriveway 2",jpg,1920,1440,1078968
"4-Nov 19 2025 10_44am-GZR3.jpg","Cardinal/New Foundationdriveway 2",jpg,1920,1440,789053
"6-Nov 19 2025 10_44am-xhpJ.jpg","Cardinal/New Foundationdriveway 2",jpg,1920,1440,892350
"1-Nov 19 2025 10_44am-ACAj.jpg","Cardinal/New Foundationdriveway 2",jpg,1920,1440,767285
"7-Nov 19 2025 10_44am-BVGx.jpg","Cardinal/New Foundationdriveway 2",jpg,1920,1440,1087020
"Brochure Front.jpg","Cardinal/Graphics",jpg,2000,1550,2063573
"1-Jun 03 2025 01_33pm-TcVf.jpg","Cardinal/2025/121 Applewood Ln • Haslet, TX",jpg,1440,1920,1079762
"10-Jun 03 2025 01_36pm-eMfj.jpg","Cardinal/2025/121 Applewood Ln • Haslet, TX",jpg,1440,1920,968679
"11-Jun 03 2025 01_37pm-4dkg.jpg","Cardinal/2025/121 Applewood Ln • Haslet, TX",jpg,1920,1440,1138673
"12-Jun 03 2025 01_37pm-9C66.jpg","Cardinal/2025/121 Applewood Ln • Haslet, TX",jpg,1440,1920,1081912
"13-Jun 03 2025 01_37pm-3C2m.jpg","Cardinal/2025/121 Applewood Ln • Haslet, TX",jpg,1440,1920,966232
"14-Jun 03 2025 01_37pm-an8T.jpg","Cardinal/2025/121 Applewood Ln • Haslet, TX",jpg,1920,1440,1047377
"15-Jun 03 2025 01_37pm-3b9c.jpg","Cardinal/2025/121 Applewood Ln • Haslet, TX",jpg,1440,1920,1014384
"16-Jun 03 2025 01_37pm-xvng.jpg","Cardinal/2025/121 Applewood Ln • Haslet, TX",jpg,1440,1920,1090932
"2-Jun 03 2025 01_33pm-zWFs.jpg","Cardinal/2025/121 Applewood Ln • Haslet, TX",jpg,1440,1920,1043472
"3-Jun 03 2025 01_33pm-D87s.jpg","Cardinal/2025/121 Applewood Ln • Haslet, TX",jpg,1440,1920,1003112
"4-Jun 03 2025 01_34pm-d6m3.jpg","Cardinal/2025/121 Applewood Ln • Haslet, TX",jpg,1920,1440,917438
"5-Jun 03 2025 01_34pm-vrCU.jpg","Cardinal/2025/121 Applewood Ln • Haslet, TX",jpg,1440,1920,993992
"6-Jun 03 2025 01_34pm-eWcH.jpg","Cardinal/2025/121 Applewood Ln • Haslet, TX",jpg,1440,1920,932901
"7-Jun 03 2025 01_34pm-Kdrc.jpg","Cardinal/2025/121 Applewood Ln • Haslet, TX",jpg,1440,1920,1161511
"8-Jun 03 2025 01_34pm-kzYP.jpg","Cardinal/2025/121 Applewood Ln • Haslet, TX",jpg,1440,1920,1104689
"9-Jun 03 2025 01_36pm-GLD7.jpg","Cardinal/2025/121 Applewood Ln • Haslet, TX",jpg,1440,1920,975719
